Dataset,File,Predicted_Class,Confidence
Hear My Ship: Fishing Boats,Fishing Boats_Full Cabin_03.09.23_133017_20secCPA.wav,Underwater,0.58
Hear My Ship: Fishing Boats,Fishing Boats_Trawler_09.08.23_071037_20secCPA.wav,Surface,0.87
Hear My Ship: Aux Vessels,Kapetan MRS_09.08.23_160955_20secCPA.wav,Surface,1.0
Hear My Ship: Aux Vessels,Kapetan MRS_23.08.23_175306_20secCPA.wav,Surface,1.0
Hear My Ship: Aux Vessels,RosacAux_03.08.23_142125_20secCPA.wav,Surface,0.99
Departmental Cruise (icListen),RBW6922_20250612_051531.wav,Surface,0.83
Departmental Cruise (icListen),RBW6922_20250612_051600.wav,Underwater,0.53
Departmental Cruise (icListen),RBW6922_20250612_051700.wav,Surface,0.85
Departmental Cruise (icListen),RBW6922_20250612_051800.wav,Underwater,0.69
Departmental Cruise (icListen),RBW6922_20250612_051900.wav,Surface,0.84
Departmental Cruise (icListen),RBW6922_20250612_052000.wav,Surface,0.89
Departmental Cruise (icListen),RBW6922_20250612_052100.wav,Underwater,0.75
Departmental Cruise (icListen),RBW6922_20250612_052200.wav,Surface,0.89
Departmental Cruise (icListen),RBW6922_20250612_052300.wav,Surface,0.89
Departmental Cruise (icListen),RBW6922_20250612_052400.wav,Underwater,0.64
Departmental Cruise (icListen),RBW6922_20250612_052500.wav,Surface,0.89
Departmental Cruise (icListen),RBW6922_20250612_052600.wav,Surface,0.95
Departmental Cruise (icListen),RBW6922_20250612_052700.wav,Surface,0.68
Departmental Cruise (icListen),RBW6922_20250612_052800.wav,Surface,0.78
Departmental Cruise (icListen),RBW6922_20250612_052900.wav,Surface,0.78
Departmental Cruise (icListen),RBW6922_20250612_053000.wav,Underwater,0.86
Departmental Cruise (icListen),RBW6922_20250612_053100.wav,Underwater,0.87
Departmental Cruise (icListen),RBW6922_20250612_053200.wav,Underwater,0.97
Departmental Cruise (icListen),RBW6922_20250612_053300.wav,Underwater,0.93
Departmental Cruise (icListen),RBW6922_20250612_053400.wav,Underwater,0.94
Departmental Cruise (icListen),RBW6922_20250612_053500.wav,Underwater,0.88
Departmental Cruise (icListen),RBW6922_20250612_053600.wav,Surface,0.72
Departmental Cruise (icListen),RBW6922_20250612_053700.wav,Underwater,0.97
Departmental Cruise (icListen),RBW6922_20250612_053800.wav,Underwater,0.95
Departmental Cruise (icListen),RBW6922_20250612_053900.wav,Underwater,0.85
Departmental Cruise (icListen),RBW6922_20250612_054000.wav,Surface,0.57
Departmental Cruise (icListen),RBW6922_20250612_054100.wav,Surface,0.66
Departmental Cruise (icListen),RBW6922_20250612_054200.wav,Surface,0.59
Departmental Cruise (icListen),RBW6922_20250612_054300.wav,Surface,0.77
Departmental Cruise (icListen),RBW6922_20250612_054400.wav,Underwater,0.89
Departmental Cruise (icListen),RBW6922_20250612_054500.wav,Underwater,0.87
Departmental Cruise (icListen),RBW6922_20250612_054600.wav,Underwater,0.72
Departmental Cruise (icListen),RBW6922_20250612_054700.wav,Underwater,0.8
Departmental Cruise (icListen),RBW6922_20250612_054800.wav,Surface,0.51
Departmental Cruise (icListen),RBW6922_20250612_054900.wav,Surface,0.61
Departmental Cruise (icListen),RBW6922_20250612_055000.wav,Surface,0.6
Departmental Cruise (icListen),RBW6922_20250612_055100.wav,Underwater,0.79
Departmental Cruise (icListen),RBW6922_20250612_055200.wav,Underwater,0.88
Departmental Cruise (icListen),RBW6922_20250612_055300.wav,Surface,0.74
Departmental Cruise (icListen),RBW6922_20250612_055400.wav,Surface,0.78
Departmental Cruise (icListen),RBW6922_20250612_055500.wav,Underwater,0.75
Departmental Cruise (icListen),RBW6922_20250612_055600.wav,Underwater,0.94
Departmental Cruise (icListen),RBW6922_20250612_055700.wav,Underwater,0.82
Departmental Cruise (icListen),RBW6922_20250612_055800.wav,Underwater,0.84
Departmental Cruise (icListen),RBW6922_20250612_055900.wav,Underwater,0.67
Departmental Cruise (icListen),RBW6922_20250612_060000.wav,Underwater,0.92
Departmental Cruise (icListen),RBW6922_20250612_060100.wav,Underwater,0.8
Departmental Cruise (icListen),RBW6922_20250612_060200.wav,Underwater,0.93
Departmental Cruise (icListen),RBW6922_20250612_060300.wav,Underwater,0.94
Departmental Cruise (icListen),RBW6922_20250612_060400.wav,Surface,0.73
Departmental Cruise (icListen),RBW6922_20250612_060500.wav,Underwater,0.92
Departmental Cruise (icListen),RBW6922_20250612_060600.wav,Underwater,0.85
Departmental Cruise (icListen),RBW6922_20250612_060700.wav,Underwater,0.97
Departmental Cruise (icListen),RBW6922_20250612_060800.wav,Underwater,0.86
Departmental Cruise (icListen),RBW6922_20250612_060900.wav,Underwater,0.85
Departmental Cruise (icListen),RBW6922_20250612_061000.wav,Underwater,0.81
Departmental Cruise (icListen),RBW6922_20250612_061100.wav,Underwater,0.96
Departmental Cruise (icListen),RBW6922_20250612_061200.wav,Underwater,0.84
Departmental Cruise (icListen),RBW6922_20250612_061300.wav,Underwater,0.83
Departmental Cruise (icListen),RBW6922_20250612_061400.wav,Underwater,0.68
Departmental Cruise (icListen),RBW6922_20250612_061500.wav,Underwater,0.81
Departmental Cruise (icListen),RBW6922_20250612_061600.wav,Underwater,0.88
Departmental Cruise (icListen),RBW6922_20250612_061700.wav,Underwater,0.91
Departmental Cruise (icListen),RBW6922_20250612_061800.wav,Underwater,0.91
Departmental Cruise (icListen),RBW6922_20250612_061900.wav,Underwater,0.89
Departmental Cruise (icListen),RBW6922_20250612_062000.wav,Underwater,0.8
Departmental Cruise (icListen),RBW6922_20250612_062100.wav,Underwater,0.8
Departmental Cruise (icListen),RBW6922_20250612_062200.wav,Underwater,0.89
Departmental Cruise (icListen),RBW6922_20250612_062300.wav,Underwater,0.69
Departmental Cruise (icListen),RBW6922_20250612_062400.wav,Underwater,0.64
Departmental Cruise (icListen),RBW6922_20250612_062500.wav,Underwater,0.75
Departmental Cruise (icListen),RBW6922_20250612_062600.wav,Underwater,0.85
Departmental Cruise (icListen),RBW6922_20250612_062700.wav,Underwater,0.8
Departmental Cruise (icListen),RBW6922_20250612_062800.wav,Underwater,0.88
Departmental Cruise (icListen),RBW6922_20250612_062900.wav,Underwater,0.9
Departmental Cruise (icListen),RBW6922_20250612_063000.wav,Underwater,0.84
Departmental Cruise (icListen),RBW6922_20250612_063100.wav,Underwater,0.74
Departmental Cruise (icListen),RBW6922_20250612_063200.wav,Underwater,0.68
Departmental Cruise (icListen),RBW6922_20250612_063300.wav,Underwater,0.89
Departmental Cruise (icListen),RBW6922_20250612_063400.wav,Surface,0.57
Departmental Cruise (icListen),RBW6922_20250612_063500.wav,Underwater,0.82
Departmental Cruise (icListen),RBW6922_20250612_063600.wav,Underwater,0.86
Departmental Cruise (icListen),RBW6922_20250612_063700.wav,Underwater,0.55
Departmental Cruise (icListen),RBW6922_20250612_063800.wav,Underwater,0.91
Departmental Cruise (icListen),RBW6922_20250612_063900.wav,Underwater,0.99
Departmental Cruise (icListen),RBW6922_20250612_064000.wav,Underwater,0.7
Departmental Cruise (icListen),RBW6922_20250612_064100.wav,Underwater,0.74
Departmental Cruise (icListen),RBW6922_20250612_064200.wav,Underwater,0.83
Departmental Cruise (icListen),RBW6922_20250612_064300.wav,Underwater,0.93
Departmental Cruise (icListen),RBW6922_20250612_064400.wav,Underwater,0.97
Departmental Cruise (icListen),RBW6922_20250612_064500.wav,Underwater,0.91
Departmental Cruise (icListen),RBW6922_20250612_064600.wav,Underwater,0.74
Departmental Cruise (icListen),RBW6922_20250612_064700.wav,Underwater,0.92
Departmental Cruise (icListen),RBW6922_20250612_064800.wav,Underwater,0.95
Departmental Cruise (icListen),RBW6922_20250612_064900.wav,Underwater,0.74
Departmental Cruise (icListen),RBW6922_20250612_065000.wav,Underwater,0.57
Departmental Cruise (icListen),RBW6922_20250612_065100.wav,Underwater,0.94
Departmental Cruise (icListen),RBW6922_20250612_065200.wav,Underwater,0.8
Departmental Cruise (icListen),RBW6922_20250612_065300.wav,Underwater,0.99
Departmental Cruise (icListen),RBW6922_20250612_065400.wav,Underwater,0.76
Departmental Cruise (icListen),RBW6922_20250612_065600.wav,Underwater,0.72
Departmental Cruise (icListen),RBW6922_20250612_065700.wav,Underwater,0.9
Departmental Cruise (icListen),RBW6922_20250612_065800.wav,Underwater,0.9
Departmental Cruise (icListen),RBW6922_20250612_065900.wav,Underwater,0.93
Departmental Cruise (icListen),RBW6922_20250612_070000.wav,Underwater,0.76
Departmental Cruise (icListen),RBW6922_20250612_070100.wav,Underwater,0.99
Departmental Cruise (icListen),RBW6922_20250612_070200.wav,Underwater,0.87
Departmental Cruise (icListen),RBW6922_20250612_070300.wav,Underwater,0.97
Departmental Cruise (icListen),RBW6922_20250612_070400.wav,Underwater,0.71
Departmental Cruise (icListen),RBW6922_20250612_070500.wav,Underwater,1.0
Departmental Cruise (icListen),RBW6922_20250612_070600.wav,Underwater,0.92
Departmental Cruise (icListen),RBW6922_20250612_070700.wav,Underwater,0.84
Departmental Cruise (icListen),RBW6922_20250612_070800.wav,Underwater,0.82
Departmental Cruise (icListen),RBW6922_20250612_070900.wav,Underwater,0.78
Departmental Cruise (icListen),RBW6922_20250612_071000.wav,Underwater,0.73
Departmental Cruise (icListen),RBW6922_20250612_071100.wav,Underwater,0.79
Departmental Cruise (icListen),RBW6922_20250612_071200.wav,Underwater,0.84
Departmental Cruise (icListen),RBW6922_20250612_071300.wav,Underwater,0.72
Departmental Cruise (icListen),RBW6922_20250612_071400.wav,Underwater,0.83
Departmental Cruise (icListen),RBW6922_20250612_071500.wav,Underwater,0.89
Departmental Cruise (icListen),RBW6922_20250612_071600.wav,Underwater,0.9
Departmental Cruise (icListen),RBW6922_20250612_071700.wav,Underwater,0.85
Departmental Cruise (icListen),RBW6922_20250612_071800.wav,Underwater,0.97
Departmental Cruise (icListen),RBW6922_20250612_071900.wav,Underwater,0.96
Departmental Cruise (icListen),RBW6922_20250612_072000.wav,Underwater,0.78
Departmental Cruise (icListen),RBW6922_20250612_072100.wav,Underwater,0.88
Departmental Cruise (icListen),RBW6922_20250612_072200.wav,Underwater,0.87
Departmental Cruise (icListen),RBW6922_20250612_072300.wav,Underwater,0.91
Departmental Cruise (icListen),RBW6922_20250612_072400.wav,Underwater,0.77
Departmental Cruise (icListen),RBW6922_20250612_072500.wav,Underwater,0.91
Departmental Cruise (icListen),RBW6922_20250612_072600.wav,Underwater,0.92
Departmental Cruise (icListen),RBW6922_20250612_072700.wav,Underwater,0.85
Departmental Cruise (icListen),RBW6922_20250612_072800.wav,Underwater,0.81
Departmental Cruise (icListen),RBW6922_20250612_072900.wav,Underwater,0.65
Departmental Cruise (icListen),RBW6922_20250612_073000.wav,Underwater,0.79
Departmental Cruise (icListen),RBW6922_20250612_073100.wav,Underwater,0.86
Departmental Cruise (icListen),RBW6922_20250612_073200.wav,Underwater,0.9
Departmental Cruise (icListen),RBW6922_20250612_073300.wav,Underwater,0.94
Departmental Cruise (icListen),RBW6922_20250612_073400.wav,Underwater,0.97
Departmental Cruise (icListen),RBW6922_20250612_073500.wav,Underwater,0.95
Departmental Cruise (icListen),RBW6922_20250612_073600.wav,Underwater,0.9
Departmental Cruise (icListen),RBW6922_20250612_073700.wav,Underwater,0.87
Departmental Cruise (icListen),RBW6922_20250612_073800.wav,Underwater,0.95
Departmental Cruise (icListen),RBW6922_20250612_073900.wav,Underwater,0.96
Departmental Cruise (icListen),RBW6922_20250612_074000.wav,Underwater,0.76
Departmental Cruise (icListen),RBW6922_20250612_074100.wav,Underwater,0.94
Departmental Cruise (icListen),RBW6922_20250612_074200.wav,Underwater,0.71
Departmental Cruise (icListen),RBW6922_20250612_074300.wav,Underwater,0.82
Departmental Cruise (icListen),RBW6922_20250612_074400.wav,Underwater,1.0
Departmental Cruise (icListen),RBW6922_20250612_074500.wav,Underwater,0.86
Departmental Cruise (icListen),RBW6922_20250612_074600.wav,Underwater,0.97
Departmental Cruise (icListen),RBW6922_20250612_074700.wav,Underwater,0.91
Departmental Cruise (icListen),RBW6922_20250612_074800.wav,Surface,0.57
Departmental Cruise (icListen),RBW6922_20250612_074900.wav,Underwater,0.87
Departmental Cruise (icListen),RBW6922_20250612_075000.wav,Underwater,0.89
Departmental Cruise (icListen),RBW6922_20250612_075100.wav,Underwater,0.94
Departmental Cruise (icListen),RBW6922_20250612_075200.wav,Underwater,0.91
Departmental Cruise (icListen),RBW6922_20250612_075300.wav,Underwater,1.0
Departmental Cruise (icListen),RBW6922_20250612_075400.wav,Underwater,0.99
Departmental Cruise (icListen),RBW6922_20250612_075500.wav,Underwater,0.88
Departmental Cruise (icListen),RBW6922_20250612_075600.wav,Underwater,0.96
Departmental Cruise (icListen),RBW6922_20250612_075700.wav,Surface,0.84
Departmental Cruise (icListen),RBW6922_20250612_075800.wav,Surface,0.99
Departmental Cruise (icListen),RBW6922_20250612_075900.wav,Surface,0.99
Departmental Cruise (icListen),RBW6922_20250612_080000.wav,Surface,0.96
Departmental Cruise (icListen),RBW6922_20250612_080100.wav,Surface,0.88
Departmental Cruise (icListen),RBW6922_20250612_080200.wav,Surface,0.97
Departmental Cruise (icListen),RBW6922_20250612_080300.wav,Surface,0.98
Departmental Cruise (icListen),RBW6922_20250612_080400.wav,Surface,0.93
Departmental Cruise (icListen),RBW6922_20250612_080500.wav,Surface,0.91
Departmental Cruise (icListen),RBW6922_20250612_080600.wav,Surface,0.88
Departmental Cruise (icListen),RBW6922_20250612_080700.wav,Surface,0.98
Departmental Cruise (icListen),RBW6922_20250612_080800.wav,Surface,0.94
Departmental Cruise (icListen),RBW6922_20250612_080900.wav,Surface,0.94
Departmental Cruise (icListen),RBW6922_20250612_081000.wav,Underwater,0.98
Departmental Cruise (icListen),RBW6922_20250612_081100.wav,Surface,0.92
Departmental Cruise (icListen),RBW6922_20250612_081200.wav,Surface,0.78
Departmental Cruise (icListen),RBW6922_20250612_081300.wav,Surface,0.7
Departmental Cruise (icListen),RBW6922_20250612_081400.wav,Underwater,0.51
Departmental Cruise (icListen),RBW6922_20250612_081500.wav,Underwater,0.96
Departmental Cruise (icListen),RBW6922_20250612_081600.wav,Underwater,0.95
Departmental Cruise (icListen),RBW6922_20250612_081700.wav,Underwater,0.75
Departmental Cruise (icListen),RBW6922_20250612_081800.wav,Underwater,0.84
Departmental Cruise (icListen),RBW6922_20250612_081900.wav,Underwater,0.86
Departmental Cruise (icListen),RBW6922_20250612_082000.wav,Surface,0.92
Departmental Cruise (icListen),RBW6922_20250612_082100.wav,Surface,0.93
Departmental Cruise (icListen),RBW6922_20250612_082200.wav,Surface,0.7
Departmental Cruise (icListen),RBW6922_20250612_082300.wav,Surface,0.73
Departmental Cruise (icListen),RBW6922_20250612_082400.wav,Surface,0.84
Departmental Cruise (icListen),RBW6922_20250612_082500.wav,Surface,0.8
Departmental Cruise (icListen),RBW6922_20250612_082600.wav,Surface,0.81
Departmental Cruise (icListen),RBW6922_20250612_082700.wav,Underwater,0.51
Departmental Cruise (icListen),RBW6922_20250612_082800.wav,Surface,0.72
Departmental Cruise (icListen),RBW6922_20250612_082900.wav,Surface,0.9
Departmental Cruise (icListen),RBW6922_20250612_083000.wav,Surface,0.86
Departmental Cruise (icListen),RBW6922_20250612_083100.wav,Surface,0.58
Departmental Cruise (icListen),RBW6922_20250612_083200.wav,Underwater,0.54
Departmental Cruise (icListen),RBW6922_20250612_083300.wav,Surface,0.74
Departmental Cruise (icListen),RBW6922_20250612_083400.wav,Surface,0.77
Departmental Cruise (icListen),RBW6922_20250612_083500.wav,Surface,0.9
Departmental Cruise (icListen),RBW6922_20250612_083600.wav,Surface,0.79
Departmental Cruise (icListen),RBW6922_20250612_083700.wav,Surface,0.7
Departmental Cruise (icListen),RBW6922_20250612_083800.wav,Surface,0.89
Departmental Cruise (icListen),RBW6922_20250612_083900.wav,Surface,0.83
Departmental Cruise (icListen),RBW6922_20250612_084000.wav,Surface,0.84
Departmental Cruise (icListen),RBW6922_20250612_084100.wav,Surface,0.84
Departmental Cruise (icListen),RBW6922_20250612_084200.wav,Surface,0.76
Departmental Cruise (icListen),RBW6922_20250612_084300.wav,Surface,0.98
Departmental Cruise (icListen),RBW6922_20250612_084400.wav,Surface,0.87
Departmental Cruise (icListen),RBW6922_20250612_084500.wav,Surface,0.85
Departmental Cruise (icListen),RBW6922_20250612_084600.wav,Surface,0.87
Departmental Cruise (icListen),RBW6922_20250612_084700.wav,Surface,0.75
Departmental Cruise (icListen),RBW6922_20250612_084800.wav,Surface,0.99
Departmental Cruise (icListen),RBW6922_20250612_084900.wav,Underwater,0.99
Departmental Cruise (icListen),RBW6922_20250612_085000.wav,Surface,0.68
Departmental Cruise (icListen),RBW6922_20250612_085100.wav,Surface,0.69
Departmental Cruise (icListen),RBW6922_20250612_085200.wav,Surface,0.73
Departmental Cruise (icListen),RBW6922_20250612_085300.wav,Surface,0.57
Departmental Cruise (icListen),RBW6922_20250612_085400.wav,Surface,0.74
Departmental Cruise (icListen),RBW6922_20250612_085500.wav,Surface,0.76
Departmental Cruise (icListen),RBW6922_20250612_085600.wav,Surface,0.99
Departmental Cruise (icListen),RBW6922_20250612_085700.wav,Surface,0.94
Departmental Cruise (icListen),RBW6922_20250612_085800.wav,Surface,0.95
Departmental Cruise (icListen),RBW6922_20250612_085900.wav,Surface,0.81
Departmental Cruise (icListen),RBW6922_20250612_090000.wav,Surface,0.87
Departmental Cruise (icListen),RBW6922_20250612_090100.wav,Surface,0.82
Departmental Cruise (icListen),RBW6922_20250612_090200.wav,Surface,0.74
Departmental Cruise (icListen),RBW6922_20250612_090300.wav,Surface,0.72
Departmental Cruise (icListen),RBW6922_20250612_090400.wav,Surface,0.9
Departmental Cruise (icListen),RBW6922_20250612_090500.wav,Surface,0.78
Departmental Cruise (icListen),RBW6922_20250612_090600.wav,Surface,0.79
Departmental Cruise (icListen),RBW6922_20250612_090700.wav,Surface,0.62
Departmental Cruise (icListen),RBW6922_20250612_090800.wav,Surface,0.63
Departmental Cruise (icListen),RBW6922_20250612_090900.wav,Surface,0.83
Departmental Cruise (icListen),RBW6922_20250612_091000.wav,Surface,0.81
Departmental Cruise (icListen),RBW6922_20250612_091100.wav,Underwater,0.65
Departmental Cruise (icListen),RBW6922_20250612_091200.wav,Surface,0.92
Departmental Cruise (icListen),RBW6922_20250612_091300.wav,Surface,0.78
Departmental Cruise (icListen),RBW6922_20250612_091400.wav,Surface,0.87
Departmental Cruise (icListen),RBW6922_20250612_091500.wav,Surface,0.86
Departmental Cruise (icListen),RBW6922_20250612_091600.wav,Surface,0.88
Departmental Cruise (icListen),RBW6922_20250612_091700.wav,Surface,0.8
Departmental Cruise (icListen),RBW6922_20250612_091800.wav,Surface,0.82
Departmental Cruise (icListen),RBW6922_20250612_091900.wav,Surface,0.78
Departmental Cruise (icListen),RBW6922_20250612_092000.wav,Surface,0.78
Departmental Cruise (icListen),RBW6922_20250612_092100.wav,Surface,0.98
Departmental Cruise (icListen),RBW6922_20250612_092200.wav,Surface,0.75
Departmental Cruise (icListen),RBW6922_20250612_092300.wav,Surface,0.79
Departmental Cruise (icListen),RBW6922_20250612_092400.wav,Surface,0.78
Departmental Cruise (icListen),RBW6922_20250612_092500.wav,Surface,0.73
Departmental Cruise (icListen),RBW6922_20250612_092600.wav,Surface,0.84
Departmental Cruise (icListen),RBW6922_20250612_092700.wav,Surface,0.63
Departmental Cruise (icListen),RBW6922_20250612_092800.wav,Surface,0.89
Departmental Cruise (icListen),RBW6922_20250612_115214.wav,Surface,0.6
