Label,Jf,Ja,Bandwidth
Croatia: Diver & DPV,0.8540130887918197,0.3510578452518979,4.0
Croatia: Diver & DPV,0.8244961624963839,0.5856359958084748,14.0
Croatia: Diver & DPV,0.78579119117425,0.49351476667196464,12.0
Croatia: Diver & DPV,0.8225359953866013,0.4858425888203241,2.0
Croatia: Diver & DPV,0.8404103759919147,0.4969152678774534,10.0
Croatia: Diver & DPV,0.933455619839294,0.7607183712829602,18.0
Croatia: Diver & DPV,0.8973745153390741,0.7268677885975386,6.0
Croatia: Diver & DPV,0.9085053525815439,0.7510509928391033,4.0
Croatia: Diver & DPV,0.8002025348723957,0.5891973186352077,3.0
Croatia: Diver & DPV,0.9043729335231326,0.5252643352103242,45.0
Croatia: Diver & DPV,0.7118752663648672,0.6319052691846888,5.0
Croatia: Diver & DPV,0.8728212735108684,0.19455275291569,69.0
Croatia: Diver & DPV,0.9328181420567535,0.49911070791491813,15.0
Croatia: Diver & DPV,0.9891734973245954,0.7701435994088115,26.0
Croatia: Diver & DPV,0.9904174810784223,0.6951292496816778,12.0
Croatia: Diver & DPV,0.9425926202098176,0.8433673465237569,30.0
Croatia: Diver & DPV,0.8856178363804741,0.815315249615003,3.0
Croatia: Diver & DPV,0.9599569447171343,0.6916821671570741,3.0
Croatia: Diver & DPV,0.9522992117639081,0.8386908822942498,3.0
Croatia: Diver & DPV,0.9223455331912422,0.6150236605508506,3.0
Croatia: Diver & DPV,0.9666105140250293,0.6786110881951575,4.0
Croatia: Diver & DPV,0.9385195601301451,0.46961391743339803,3.0
Croatia: Diver & DPV,0.8363573700970134,0.6241842980016289,5.0
Croatia: Diver & DPV,0.9309938434041262,0.5362515148126725,4.0
Croatia: Diver & DPV,0.933367821376259,0.5496045325015454,5.0
Croatia: Diver & DPV,0.9668404814509574,0.6875719244375893,2.0
Croatia: Diver & DPV,0.929139684218118,0.7193002432881284,3.0
Croatia: Diver & DPV,0.9640022559894209,0.8387950150791167,28.0
Croatia: Diver & DPV,0.9836501430967974,0.817681137490205,17.0
Croatia: Diver & DPV,0.9538881095682847,0.7530786701618261,36.0
Croatia: Diver & DPV,0.8458281252690915,0.6406515789267694,4.0
Croatia: Diver & DPV,0.9960681563324613,0.8120282594505565,27.0
Croatia: Diver & DPV,0.9242477520888731,0.7583774641506533,16.0
Croatia: Diver & DPV,0.9279767153343208,0.6906924849717787,20.0
Croatia: Diver & DPV,0.8306645481370262,0.6718173940483704,11.0
Croatia: Diver & DPV,0.8276549100481286,0.7129223475659788,22.0
Croatia: Diver & DPV,0.8139013715887483,0.7602719275137693,6.0
Croatia: Diver & DPV,0.9965507657564018,0.7331682495372464,31.0
Croatia: Diver & DPV,0.9420727991663115,0.7750435458982281,51.0
Croatia: Diver & DPV,0.8957126087000793,0.8688799079367868,3.0
Croatia: Diver & DPV,0.9267004770638297,0.883082105682622,5.0
Croatia: Diver & DPV,0.8644117332935172,0.9186549409753243,52.0
Croatia: Diver & DPV,0.8930580277727937,0.8052462842658006,124.0
Croatia: Diver & DPV,0.8616925780756666,0.7999505065358123,9.0
Croatia: Diver & DPV,0.9336373279317393,0.7958534170507653,8.0
Croatia: Diver & DPV,0.994402775770117,0.7990263032763635,37.0
Croatia: Diver & DPV,0.9916835223531087,0.8336389818471037,24.0
Croatia: Diver & DPV,0.9436599507517536,0.8280339371608204,26.0
Croatia: Diver & DPV,0.932077506033593,0.671311634542518,7.0
Croatia: Diver & DPV,0.9118190284184552,0.627091563398006,5.0
Croatia: Diver & DPV,0.8361734079003055,0.8225584784338554,15.0
Croatia: Diver & DPV,0.8581588409918849,0.8384254009342008,11.0
Croatia: Diver & DPV,0.9523635875997988,0.8701677078319477,33.0
Croatia: Diver & DPV,0.98860265346973,0.8382417858671776,22.0
Croatia: Diver & DPV,0.8891738315938337,0.7875200702923485,29.0
Croatia: Diver & DPV,0.877423541826771,0.8700869123119207,22.0
Croatia: Diver & DPV,0.9785035057630815,0.8409047269772719,6.0
Croatia: Diver & DPV,0.8750690778708842,0.8153098281783905,10.0
Croatia: Diver & DPV,0.9067702475536695,0.8267212532492638,4.0
Croatia: Diver & DPV,0.9620347968588513,0.778191402917499,19.0
Croatia: Diver & DPV,0.9886049932357595,0.7553366492638579,30.0
Croatia: Diver & DPV,0.9550735443837234,0.8108492633370029,31.0
Croatia: Diver & DPV,0.9099673314783866,0.8095579696768027,9.0
Croatia: Diver & DPV,0.882190267844858,0.5836235054560203,12.0
Croatia: Diver & DPV,0.7064428223404698,0.7073669736610079,148.0
Croatia: Diver & DPV,0.798656528629909,0.715646920073938,146.0
Croatia: Diver & DPV,0.8060190734237153,0.7570375934577807,105.0
Croatia: Diver & DPV,0.7893102053350289,0.7176791381787951,158.0
Croatia: Diver & DPV,0.8072192208058814,0.6905113359949103,135.0
Croatia: Diver & DPV,0.8174547123030952,0.7597355676233856,152.0
Croatia: Diver & DPV,0.6919896405210061,0.7517810709541836,134.0
Croatia: Diver & DPV,0.7299482985335911,0.7255009346007784,4.0
Croatia: Diver & DPV,0.7878839597351996,0.7810989870598718,3.0
Croatia: Diver & DPV,0.8808615481284541,0.7668013637107786,4.0
Croatia: Diver & DPV,0.8589546323928062,0.7873097677100861,3.0
Croatia: Diver & DPV,0.830340321422086,0.7688561354776566,3.0
Croatia: Diver & DPV,0.9008304359185971,0.8272206636221836,3.0
Croatia: Diver & DPV,0.885493498795738,0.8424122082717339,3.0
Croatia: Diver & DPV,0.937926260001066,0.8801306535944494,3.0
Croatia: Diver & DPV,0.9207122465166301,0.9103899415104694,3.0
Croatia: Diver & DPV,0.9373579104218098,0.9326103295058398,3.0
Croatia: Diver & DPV,0.9739258632538031,0.9691807866323239,3.0
Croatia: Diver & DPV,0.9910367568507944,0.9541863047249826,3.0
Croatia: Diver & DPV,0.9867837713880405,0.9355487682277758,3.0
Croatia: Diver & DPV,0.9908620289643483,0.8670864831210022,3.0
Croatia: Diver & DPV,0.984416358016103,0.8213912821908792,3.0
Croatia: Diver & DPV,0.969589363892282,0.8559235215964041,3.0
Croatia: Diver & DPV,0.9076326318962326,0.688960235343136,4.0
Croatia: Diver & DPV,0.876939051285265,0.7029049194405346,5.0
Croatia: Diver & DPV,0.8877587342601445,0.8806507864953063,5.0
Croatia: Diver & DPV,0.7912848750660508,0.8597248504381997,7.0
Croatia: Diver & DPV,0.808206976841472,0.8783572425383449,6.0
Croatia: Diver & DPV,0.762235576223221,0.7959253271568864,7.0
Croatia: Diver & DPV,0.8371895480602669,0.8711530759188831,5.0
Croatia: Diver & DPV,0.7417019732410948,0.7948609471754989,5.0
Croatia: Diver & DPV,0.7617541307782089,0.7879110243052055,8.0
Croatia: Diver & DPV,0.8147802562598643,0.7284573636794981,2.0
Croatia: Diver & DPV,0.9121370536269066,0.8645803783470885,2.0
Croatia: Diver & DPV,0.9876311186296295,0.8442356159407808,2.0
Croatia: Diver & DPV,0.9488656663590532,0.8276635582397418,3.0
Croatia: Diver & DPV,0.9412353207259382,0.7798702820320039,3.0
Croatia: Diver & DPV,0.9125817087856044,0.8336886241101557,3.0
Croatia: Diver & DPV,0.7059109885775543,0.7068222993798976,3.0
Croatia: Diver & DPV,0.7617120311906106,0.750048177809188,8.0
Croatia: Diver & DPV,0.8348543989578681,0.8208955106800907,5.0
Croatia: Diver & DPV,0.81936495288484,0.8760032528471916,5.0
Croatia: Diver & DPV,0.8414443026020916,0.9077119333398821,5.0
Croatia: Diver & DPV,0.7856506440454983,0.9076879633230458,4.0
Croatia: Diver & DPV,0.8817906194219072,0.8735454784825613,3.0
Croatia: Diver & DPV,0.9006118736560316,0.8235669005617982,2.0
Croatia: Diver & DPV,0.897710630663195,0.8671523240532711,2.0
Croatia: Diver & DPV,0.7522472976057633,0.7941192445241695,8.0
Croatia: Diver & DPV,0.8837495436820643,0.7389193637124222,11.0
Croatia: Diver & DPV,0.747731713470443,0.7247113831366209,82.0
Croatia: Diver & DPV,0.7373097680936911,0.7206668092836734,4.0
Croatia: Diver & DPV,0.7102538535159414,0.7435494040974305,5.0
Croatia: Diver & DPV,0.7658042668165662,0.7772774497483711,4.0
Croatia: Diver & DPV,0.7394685675860956,0.7783841193331305,3.0
Croatia: Diver & DPV,0.7875017296086404,0.8133267183094087,3.0
Croatia: Diver & DPV,0.9377947039868304,0.8498735941353046,10.0
Croatia: Diver & DPV,0.9130226459589829,0.807159508304988,23.0
Croatia: Diver & DPV,0.9636169334885758,0.71163068342701,5.0
Croatia: Diver & DPV,0.9975507792063407,0.8568512841618011,28.0
Croatia: Diver & DPV,0.9984712950781818,0.9617565280040044,32.0
Croatia: Diver & DPV,0.91954749712538,0.6712561124979551,3.0
Croatia: Diver & DPV,0.9428333249340685,0.8942577453692545,10.0
Croatia: Diver & DPV,0.9447919280125676,0.8555181645879936,63.0
Croatia: Diver & DPV,0.9767740589703587,0.9519191298960378,3.0
Croatia: Diver & DPV,0.928156492064001,0.8786343668245973,3.0
Croatia: Diver & DPV,0.9858655503991379,0.7969335231731037,34.0
Croatia: Diver & DPV,0.9519379356780973,0.7877506473185313,13.0
Croatia: Diver & DPV,0.9243699478273228,0.8252217651861408,66.0
Croatia: Diver & DPV,0.927879125888149,0.8292443563529036,3.0
Croatia: Diver & DPV,0.9336274485366483,0.8832482034382938,2.0
Croatia: Diver & DPV,0.9094702487255732,0.7936098538121167,5.0
Croatia: Diver & DPV,0.9828580652432825,0.7374025450310663,19.0
Croatia: Diver & DPV,0.8654850367761795,0.8223435938286673,3.0
Croatia: Diver & DPV,0.7898754255051049,0.8324999646561219,4.0
Croatia: Diver & DPV,0.9878097274063027,0.8791455990467173,92.0
Croatia: Diver & DPV,0.9827932384645678,0.8187535169928465,13.0
Croatia: Diver & DPV,0.980592261253229,0.8281847711065068,36.0
Croatia: Diver & DPV,0.8494734655642017,0.9213071313178688,123.0
Croatia: Diver & DPV,0.9874756824504115,0.8671887323355346,6.0
Croatia: Diver & DPV,0.9758163976428812,0.8668442730556342,4.0
Croatia: Diver & DPV,0.9330419150376305,0.7678684741346236,3.0
Croatia: Diver & DPV,0.9037664673602218,0.5231999341044916,5.0
Croatia: Diver & DPV,0.9354949758261785,0.7147092745468698,6.0
Croatia: Diver & DPV,0.8144422697428841,0.6118576349018771,2.0
Croatia: Diver & DPV,0.9017926040381643,0.5627120224625407,21.0
Croatia: Diver & DPV,0.9787060192143137,0.5206063522847041,5.0
Croatia: Diver & DPV,0.9056273583255514,0.6940768118132824,7.0
Croatia: Diver & DPV,0.9599120282784991,0.8415960719002261,18.0
Croatia: Diver & DPV,0.9789699285715822,0.9418252264338679,67.0
Croatia: Diver & DPV,0.973409191850021,0.7541571135656865,28.0
Croatia: Diver & DPV,0.8254740306359039,0.5860257881453332,6.0
Croatia: Diver & DPV,0.8264830397612933,0.22443878948945292,7.0
Croatia: Diver & DPV,0.8990557729426459,0.38963874763894485,5.0
Croatia: Diver & DPV,0.9429780193786811,0.6519145343335176,4.0
Croatia: Diver & DPV,0.9013736227475256,0.4464947554847283,11.0
Croatia: Diver & DPV,0.8833632701207391,0.24760059052193087,6.0
Croatia: Diver & DPV,0.9428210530193089,0.8254579177002274,8.0
Croatia: Diver & DPV,0.9755550011502248,0.9789996279094004,116.0
Croatia: Diver & DPV,0.9508386788554803,0.982868932387122,3.0
Croatia: Diver & DPV,0.950532865275695,0.955153649301757,3.0
Croatia: Diver & DPV,0.960668280709331,0.9714367059197984,152.0
Croatia: Diver & DPV,0.9931718992560051,0.9773951812681886,113.0
Croatia: Diver & DPV,0.9975081663412758,0.9815746371975126,103.0
Croatia: Diver & DPV,0.9807785225620346,0.9707817620154442,140.0
Croatia: Diver & DPV,0.9972429853524428,0.9754989418585657,125.0
Croatia: Diver & DPV,0.9726424104312902,0.971460993806363,91.0
Croatia: Diver & DPV,0.8954880827590984,0.9350829027219246,3.0
Croatia: Diver & DPV,0.9572334291478398,0.8912925526952157,3.0
Croatia: Diver & DPV,0.9375201084253266,0.9135027603656588,3.0
Croatia: Diver & DPV,0.9352444254904229,0.9144836852038947,3.0
Croatia: Diver & DPV,0.8619427229553708,0.9287486085428432,3.0
Croatia: Diver & DPV,0.961394841368084,0.9268231143830787,3.0
Croatia: Diver & DPV,0.9488792076111249,0.9057270361504242,3.0
Croatia: Diver & DPV,0.9682114979973228,0.9513326076189211,3.0
Croatia: Diver & DPV,0.8963220215405866,0.9675162394723755,3.0
Croatia: Diver & DPV,0.9396714700740586,0.9279046344507081,4.0
Croatia: Diver & DPV,0.9793395134278694,0.9130046799382919,4.0
Croatia: Diver & DPV,0.9553972750926554,0.9244328901903048,5.0
Croatia: Diver & DPV,0.976071945326765,0.9332453142740191,3.0
Croatia: Diver & DPV,0.9323156596557868,0.9547627059641121,5.0
Croatia: Diver & DPV,0.8444926579056213,0.9394150666426144,3.0
Croatia: Diver & DPV,0.8585041205174134,0.9370913763676924,3.0
Croatia: Diver & DPV,0.8084158483099588,0.9221840131147522,3.0
Croatia: Diver & DPV,0.8957492678542996,0.9146339305106824,3.0
Croatia: Diver & DPV,0.9441840428693516,0.9868778363915472,73.0
Croatia: Diver & DPV,0.8969898969135827,0.9379473363531212,3.0
Croatia: Diver & DPV,0.9813971996912136,0.9743226657596168,6.0
Croatia: Diver & DPV,0.9509169362563473,0.9589777645376962,4.0
Croatia: Diver & DPV,0.991003183848294,0.9260706356344014,4.0
Croatia: Diver & DPV,0.9972744350923134,0.9044307846919327,4.0
Croatia: Diver & DPV,0.9862284442996295,0.9524568176949408,6.0
Croatia: Diver & DPV,0.9919929105224101,0.8276763460142403,3.0
Croatia: Diver & DPV,0.9905759957491118,0.9190423554331484,4.0
Croatia: Diver & DPV,0.9902274574512054,0.9497773207428565,4.0
Croatia: Diver & DPV,0.9790274882038679,0.9536373598992242,5.0
Croatia: Diver & DPV,0.9379832790991113,0.9459993102770942,5.0
Croatia: Diver & DPV,0.9271352730069679,0.942718652977037,5.0
Croatia: Diver & DPV,0.9894706069741379,0.959329401552452,6.0
Croatia: Diver & DPV,0.9516770301836948,0.9457134845184051,4.0
Croatia: Diver & DPV,0.9206225298040799,0.9603864115707754,4.0
Croatia: Diver & DPV,0.9998991650729218,0.9645446053065173,5.0
Croatia: Diver & DPV,0.9886225352089647,0.9614326362753088,3.0
Croatia: Diver & DPV,0.999359005874313,0.9284943164550338,4.0
Croatia: Diver & DPV,0.9993714722831427,0.8843115845925217,3.0
Croatia: Diver & DPV,0.971095176909492,0.8343270457077279,4.0
Croatia: Diver & DPV,0.9275342773491583,0.5976910117865127,54.0
Croatia: Diver & DPV,0.9841243510173321,0.8234309141459057,4.0
Croatia: Diver & DPV,0.9955714476289916,0.9090836766213811,7.0
Croatia: Diver & DPV,0.9616130219598517,0.928856692764907,4.0
Croatia: Diver & DPV,0.9201923049630159,0.8469918333091147,4.0
Croatia: Diver & DPV,0.9318027717591094,0.9537509367927548,4.0
Croatia: Diver & DPV,0.9723481555709995,0.9174960656699395,49.0
Croatia: Diver & DPV,0.9079795584612705,0.8777747196160949,3.0
Croatia: Diver & DPV,0.935423542589309,0.9057955191246484,3.0
Croatia: Diver & DPV,0.968598059370247,0.9862397397319765,131.0
Croatia: Diver & DPV,0.9651223288530265,0.9656945034290101,173.0
Croatia: Diver & DPV,0.9832155439755312,0.9704250572670651,121.0
Croatia: Diver & DPV,0.9892487582746802,0.9735876784541077,172.0
Croatia: Diver & DPV,0.9970443062138448,0.9745035352837839,149.0
Croatia: Diver & DPV,0.9915641200341266,0.9844872163111583,115.0
Croatia: Diver & DPV,0.9522093199007009,0.9612326021946885,4.0
Croatia: Diver & DPV,0.9906905513566587,0.904255047292753,3.0
Croatia: Diver & DPV,0.9166010769746089,0.9711273951737803,6.0
Croatia: Diver & DPV,0.9437184220182401,0.9645747569600639,4.0
Croatia: Diver & DPV,0.9682012865706978,0.9682379883826376,4.0
Croatia: Diver & DPV,0.9439308676091462,0.95726518156375,3.0
Croatia: Diver & DPV,0.9267838430622385,0.9435145571841703,3.0
Croatia: Diver & DPV,0.9418782806932139,0.9401562479533219,3.0
Croatia: Diver & DPV,0.9386947824051995,0.8842947638335167,5.0
Croatia: Diver & DPV,0.8604448593278179,0.715081577101393,4.0
Croatia: Diver & DPV,0.8672156170591024,0.7164369722955432,5.0
Croatia: Diver & DPV,0.9580889293216223,0.980534936815241,155.0
Croatia: Diver & DPV,0.9738424101747851,0.9752110184382022,151.0
Croatia: Diver & DPV,0.9844787621066106,0.9641799801169592,9.0
Croatia: Diver & DPV,0.9791185966312251,0.9449385261377291,10.0
Croatia: Diver & DPV,0.9646765795881743,0.941776664805562,35.0
Croatia: Diver & DPV,0.9281039671085095,0.9416958381754231,4.0
Croatia: Diver & DPV,0.9578256423181267,0.9792307280385036,5.0
Croatia: Diver & DPV,0.9732515413983794,0.9838977840037472,7.0
Croatia: Diver & DPV,0.9783283269318925,0.974488336121491,6.0
Croatia: Diver & DPV,0.9856807901090795,0.9619012932041887,33.0
Croatia: Diver & DPV,0.9658501126749838,0.9066562667052679,26.0
Croatia: Diver & DPV,0.9564902850057341,0.9767684858631206,5.0
Croatia: Diver & DPV,0.9727018872343322,0.9752561917466324,44.0
Croatia: Diver & DPV,0.9684914596946613,0.9348944969557786,10.0
Croatia: Diver & DPV,0.983265051543975,0.9091625293259061,15.0
Croatia: Diver & DPV,0.9518843875609996,0.5609434339102414,3.0
Croatia: Diver & DPV,0.8803476136172447,0.9161777827665561,3.0
Croatia: Diver & DPV,0.8980947162410097,0.9612139807399247,10.0
Croatia: Diver & DPV,0.9222045427497512,0.9480189839984732,6.0
Croatia: Diver & DPV,0.9068386505064185,0.7630845943031762,7.0
Croatia: Diver & DPV,0.9494396371986961,0.8160619886575923,11.0
Croatia: Diver & DPV,0.9190085066989168,0.5559193358912714,6.0
Croatia: Diver & DPV,0.9168382607401743,0.924349483636122,33.0
Croatia: Diver & DPV,0.9879580345724003,0.603431194999369,55.0
Croatia: Diver & DPV,0.9423803195350878,0.4193306938827956,6.0
Croatia: Diver & DPV,0.9587521535142737,0.792651128037139,9.0
Croatia: Diver & DPV,0.9953392566342701,0.887292225058007,5.0
Croatia: Diver & DPV,0.9998933730732212,0.8285973074121574,4.0
Croatia: Diver & DPV,0.9935355615547699,0.8040875256016305,5.0
Croatia: Diver & DPV,0.9999921953892049,0.8917287443268536,6.0
Croatia: Diver & DPV,0.9955049154022982,0.8391287740073795,4.0
Croatia: Diver & DPV,0.9958576648586207,0.8823345895344246,3.0
Croatia: Diver & DPV,0.9683605182342863,0.8980639925034649,24.0
Croatia: Diver & DPV,0.982913129860712,0.8222030978013181,5.0
Croatia: Diver & DPV,0.987210084301635,0.8693348008389098,3.0
Croatia: Diver & DPV,0.9842590270698058,0.803032768188114,4.0
Croatia: Diver & DPV,0.9474431528871042,0.5591494922218155,4.0
Croatia: Diver & DPV,0.936346421621742,0.9562695097086928,31.0
Croatia: Diver & DPV,0.9859357826313659,0.8780030466014775,20.0
Croatia: Diver & DPV,0.9747704534144811,0.896845494459877,28.0
Croatia: Diver & DPV,0.9615065970349524,0.8537007692629871,37.0
Croatia: Diver & DPV,0.9411482495943786,0.8380956877878818,22.0
Croatia: Diver & DPV,0.9224689546111423,0.5736289334173151,5.0
Croatia: Diver & DPV,0.9942328703709057,0.9526929389581786,5.0
Croatia: Diver & DPV,0.9142877383322968,0.9344059876758477,18.0
Croatia: Diver & DPV,0.8804483352829041,0.9732340559856443,60.0
Croatia: Diver & DPV,0.9638650286061446,0.982650888551981,43.0
Croatia: Diver & DPV,0.9345697726837786,0.9753556735936574,73.0
Croatia: Diver & DPV,0.9794562370313299,0.9237633679448396,16.0
Croatia: Diver & DPV,0.9628494145697483,0.7251335211586584,3.0
Croatia: Diver & DPV,0.950771176826647,0.6821340812888238,16.0
Croatia: Diver & DPV,0.9251855456100967,0.41010380373233396,12.0
Croatia: Diver & DPV,0.9833166171468332,0.9224737886110917,61.0
Croatia: Diver & DPV,0.9740808396069789,0.9425638532713725,30.0
Croatia: Diver & DPV,0.9689264716969074,0.9151861248672403,15.0
Croatia: Diver & DPV,0.9801684231275797,0.9198099326454187,26.0
Croatia: Diver & DPV,0.9789617614161227,0.970083220654351,7.0
Croatia: Diver & DPV,0.9778921359491711,0.9776969417813586,5.0
Croatia: Diver & DPV,0.9746811125644407,0.9786146239277128,6.0
Croatia: Diver & DPV,0.9769840733209006,0.9751583921551088,4.0
Croatia: Diver & DPV,0.9756608836124762,0.9638179063372262,13.0
Croatia: Diver & DPV,0.9287785242144976,0.9747064414140613,5.0
Croatia: Diver & DPV,0.9643056383831475,0.9689520529240885,4.0
Croatia: Diver & DPV,0.9620041290083302,0.9706970619943275,4.0
Croatia: Diver & DPV,0.9594582197991497,0.9278100051501532,15.0
Croatia: Diver & DPV,0.9163738129243698,0.9555476587633457,18.0
Croatia: Diver & DPV,0.8554635484637062,0.35107394863109137,4.0
Croatia: Diver & DPV,0.6964578170488137,0.7076657059887582,148.0
Croatia: Diver & DPV,0.91954749712538,0.6712253215074143,3.0
Croatia: Diver & DPV,0.969905317614697,0.9791957765438809,148.0
Croatia: Diver & DPV,0.8889155066995836,0.916200362604505,3.0
AUV: Field Trials,0.47770723695306394,0.9497318822768328,2.0
AUV: Field Trials,1.0,0.994285854075111,2.0
AUV: Field Trials,0.999987358868419,0.9923374146961393,2.0
AUV: Field Trials,0.9480654987982584,0.7380045091278357,5.0
AUV: Field Trials,0.7831777795913321,0.731611595379469,3.0
AUV: Field Trials,0.6038456025220059,0.6674236731050144,1.0
AUV: Field Trials,1.0,0.996939425210296,2.0
AUV: Field Trials,1.0,0.9963203791506717,2.0
AUV: Field Trials,0.6853929598743544,0.8357324842968371,2.0
AUV: Field Trials,0.5850844345450539,0.6348313756050571,1.0
AUV: Field Trials,0.7640578822102284,0.8938307243172088,2.0
AUV: Field Trials,0.7640578822102284,0.8938307243172088,2.0
AUV: Field Trials,0.9750284233333361,0.9324364233224489,2.0
AUV: Field Trials,0.934991826578027,0.9134240569512155,3.0
AUV: Field Trials,0.8433114910496353,0.8652672948648097,22.0
AUV: Field Trials,0.859933208626295,0.9195409980937379,3.0
AUV: Field Trials,0.763035745314029,0.7255476789494614,8.0
AUV: Field Trials,0.9391450323682801,0.6265984053338395,26.0
AUV: Field Trials,0.9391450323682801,0.6265984053338395,26.0
AUV: Field Trials,0.7147486774040499,0.8876235810835421,3.0
AUV: Field Trials,1.0,0.9955555316441863,2.0
AUV: Field Trials,0.7766022810694283,0.8460664280513258,5.0
AUV: Field Trials,0.8583861229246527,0.9378551770955577,2.0
AUV: Field Trials,0.7283621067271491,0.6599105382779502,11.0
AUV: Field Trials,0.889278082813285,0.7870719120541944,4.0
AUV: Field Trials,0.889278082813285,0.7870719120541944,4.0
AUV: Field Trials,0.8124739200619596,0.7727543692771371,2.0
AUV: Field Trials,0.9484750631659166,0.988825745429469,2.0
AUV: Field Trials,0.7464281392174016,0.8717411305093495,6.0
AUV: Field Trials,0.8909313263005819,0.8895482054181348,2.0
AUV: Field Trials,0.6782774900443519,0.681690311466406,24.0
AUV: Field Trials,0.9295332703023266,0.7132364595080043,9.0
AUV: Field Trials,0.9295332703023266,0.7132364595080043,9.0
AUV: Field Trials,0.8473819604928979,0.8943998084506787,3.0
AUV: Field Trials,0.9787114845938376,0.9915821117141422,2.0
AUV: Field Trials,0.8381976476924882,0.8611977719690502,3.0
AUV: Field Trials,0.9516654027190227,0.977607718389157,2.0
AUV: Field Trials,0.7555807152178041,0.5718828566144732,4.0
AUV: Field Trials,0.9289030901848317,0.9176650874474447,3.0
AUV: Field Trials,0.9289030901848317,0.9176650874474447,3.0
AUV: Field Trials,0.8752340342826637,0.8000956644015899,2.0
AUV: Field Trials,0.9475228844171859,0.993216274208011,2.0
AUV: Field Trials,0.7797371410982299,0.868193007071045,2.0
AUV: Field Trials,0.9508644567235406,0.9860922095752578,2.0
AUV: Field Trials,0.7230919148096389,0.6899199543877335,64.0
AUV: Field Trials,0.8647662534124535,0.7132274379500726,18.0
AUV: Field Trials,0.8647662534124535,0.7132274379500726,18.0
AUV: Field Trials,0.989885764683648,0.9896437923976645,2.0
AUV: Field Trials,0.9077443025083977,0.9922425525438924,2.0
AUV: Field Trials,0.797439205448773,0.929716298381893,2.0
AUV: Field Trials,0.9796735146816183,0.9872205680635598,2.0
AUV: Field Trials,0.7216277082295542,0.6927364600730826,5.0
AUV: Field Trials,0.991447311549219,0.9802476898211175,2.0
AUV: Field Trials,0.991447311549219,0.9802476898211175,2.0
AUV: Field Trials,0.9787610619469026,0.9936537731048883,2.0
AUV: Field Trials,1.0,0.9972535101375145,2.0
AUV: Field Trials,0.9700866376941879,0.9843011827588626,2.0
AUV: Field Trials,1.0,0.9940287279720604,2.0
AUV: Field Trials,0.8858014712535619,0.7315857691120368,5.0
AUV: Field Trials,0.9308660743978336,0.8049494374254704,12.0
AUV: Field Trials,0.9308660743978336,0.8049494374254704,12.0
AUV: Field Trials,0.4399235912129895,0.8432118213062931,2.0
AUV: Field Trials,1.0,0.9946515766557348,2.0
AUV: Field Trials,0.6829689256318213,0.8459935946501466,3.0
AUV: Field Trials,0.8828089752199894,0.9608172153823433,2.0
AUV: Field Trials,0.5797441811700567,0.7478407873984838,2.0
Garda: Petrol Craft,0.5755993778338558,0.8061271057034861,4.0
Garda: Petrol Craft,0.9241581520982124,0.9551604101461879,4.0
Garda: Petrol Craft,0.9839033801153082,0.9184736208647638,3.0
Garda: Petrol Craft,0.8140423773239025,0.8583464613002169,3.0
Garda: Petrol Craft,0.9086000031238474,0.8219005605941166,12.0
Garda: Petrol Craft,0.8558488419656193,0.8625047620633189,16.0
Garda: Petrol Craft,0.8494784212777352,0.8738726949693311,22.0
Garda: Petrol Craft,0.7780859858376684,0.8504534376588451,4.0
Hear My Ship: Tour Boats,0.7107040985750169,0.912302625662406,3.0
Hear My Ship: Tour Boats,1.0,0.9348164107437983,3.0
Hear My Ship: Tour Boats,1.0,0.9313236931943788,3.0
Hear My Ship: Tour Boats,1.0,0.9360932298652022,2.0
Hear My Ship: Tour Boats,1.0,0.9844358991384573,2.0
Hear My Ship: Tour Boats,0.9307692307692308,0.8793607071808694,2.0
Hear My Ship: Tour Boats,0.9307692307692308,0.9128191489135353,2.0
Hear My Ship: Tour Boats,0.8909090909090909,0.9599079599110566,2.0
Hear My Ship: Tour Boats,0.9307692307692308,0.9604433363563981,2.0
Hear My Ship: Tour Boats,0.9439153082442109,0.9217237139731594,2.0
Hear My Ship: Tour Boats,0.7581711845007119,0.9711330545445954,3.0
Hear My Ship: Tour Boats,0.9291809470518291,0.9506929590059517,3.0
Hear My Ship: Tour Boats,0.999951521443192,0.9492532062932375,3.0
Hear My Ship: Tour Boats,1.0,0.9723780195458668,3.0
Hear My Ship: Tour Boats,0.784,0.9605991563158065,2.0
Hear My Ship: Tour Boats,0.9567031998236791,0.9659313892409243,2.0
Hear My Ship: Tour Boats,0.9999619613454815,0.9499461333144184,3.0
Hear My Ship: Tour Boats,0.8929218226144169,0.9460986546798935,3.0
Hear My Ship: Tour Boats,0.8946808510638298,0.9794912778349474,2.0
Hear My Ship: Tour Boats,1.0,0.9639476405506295,2.0
Hear My Ship: Tour Boats,0.9586956521739131,0.9205425753552783,2.0
Hear My Ship: Tour Boats,0.8486497949950516,0.9425396804100569,2.0
Hear My Ship: Tour Boats,0.9066520349869284,0.8766696563939487,2.0
Hear My Ship: Tour Boats,0.7616261549943761,0.9663624962307081,2.0
Hear My Ship: Tour Boats,0.7543068713659385,0.9266028336776464,2.0
Hear My Ship: Tour Boats,1.0,0.9809908720639084,2.0
Hear My Ship: Tour Boats,0.876791789991978,0.9766533237386077,3.0
Hear My Ship: Tour Boats,1.0,0.9326128031085711,3.0
Hear My Ship: Tour Boats,1.0,0.9751628665442581,2.0
Hear My Ship: Tour Boats,0.6187183433253566,0.9464118615228055,2.0
Hear My Ship: Tour Boats,0.9302095385010927,0.8804788546284366,3.0
Hear My Ship: Tour Boats,0.9597381142544874,0.9188969611830955,2.0
Hear My Ship: Tour Boats,0.959710074570444,0.9241029409152797,3.0
Hear My Ship: Tour Boats,1.0,0.9689477762005491,3.0
Hear My Ship: Tour Boats,0.9998866341684616,0.9644141516959098,2.0
Hear My Ship: Tour Boats,0.5669524509630383,0.9413734008013902,3.0
Hear My Ship: Tour Boats,0.9597040605643496,0.90999140204147,3.0
Hear My Ship: Tour Boats,0.5536350955797661,0.9608853888344526,3.0
Hear My Ship: Tour Boats,0.9603586516078972,0.9710072434503665,2.0
Hear My Ship: Tour Boats,0.9971601657120346,0.8795357338621431,18.0
Hear My Ship: Tour Boats,1.0,0.9880888655382101,2.0
Hear My Ship: Tour Boats,0.9999057492931197,0.9615558119638773,3.0
Hear My Ship: Tour Boats,0.9544625159902723,0.9554598807775182,3.0
Hear My Ship: Tour Boats,0.9820793302647431,0.9162391890811995,3.0
Hear My Ship: Tour Boats,0.9514940860850052,0.9668595424840123,3.0
Hear My Ship: Tour Boats,0.6687426426493126,0.9192239260801987,2.0
Hear My Ship: Tour Boats,0.9146414979961607,0.7504480930429842,2.0
Hear My Ship: Tour Boats,0.9316408954534964,0.8362133035032997,3.0
Hear My Ship: Tour Boats,0.8820990479677774,0.8544891382250143,3.0
Hear My Ship: Tour Boats,0.5928343477859691,0.9646136955668277,3.0
Hear My Ship: Tour Boats,0.7999403074964815,0.9321382777003641,3.0
Hear My Ship: Tour Boats,0.8842883241525953,0.9879807113475211,2.0
Hear My Ship: Tour Boats,0.9445221549593438,0.9796078935004542,2.0
Hear My Ship: Tour Boats,0.4881981838377457,0.9862391610735399,3.0
Hear My Ship: Tour Boats,0.7662762913675928,0.8666613403369587,4.0
Hear My Ship: Tour Boats,0.3014364924151762,0.9109821888458067,2.0
Hear My Ship: Tour Boats,0.8749501532786681,0.9395422804431344,3.0
Hear My Ship: Tour Boats,0.981740956063773,0.8821321824909463,3.0
Hear My Ship: Tour Boats,0.9603518753171357,0.8832182450046672,3.0
Hear My Ship: Tour Boats,0.4286010206351549,0.8349597062764735,3.0
Hear My Ship: Tour Boats,0.5141276716109748,0.8647562151241843,3.0
Hear My Ship: Tour Boats,0.4225848933974977,0.9705889526422226,3.0
Hear My Ship: Tour Boats,0.4984331759900051,0.9236568169408595,3.0
Garda: Electric Craft,0.9917381955556589,0.9245448319029353,4.0
Garda: Electric Craft,0.9425851224075682,0.9487918426892593,3.0
Garda: Electric Craft,0.7638561745363152,0.5698676873951958,6.0
Garda: Electric Craft,0.9207220476354075,0.9193328327061221,3.0
Garda: Electric Craft,0.8208786782573739,0.9077393954595517,3.0
Hear My Ship: Motor Boats,0.8800249947927515,0.9231419377657862,2.0
Hear My Ship: Motor Boats,0.943331233181612,0.8995122131210066,2.0
Hear My Ship: Motor Boats,0.49255884558671686,0.9215014954348976,3.0
Hear My Ship: Motor Boats,0.3526193733827388,0.8834933470065347,2.0
Hear My Ship: Motor Boats,0.866690884769791,0.8957433866530069,7.0
Hear My Ship: Motor Boats,0.6258017357475326,0.6565134091091448,2.0
Hear My Ship: Motor Boats,0.9407591895665792,0.9024616722578281,10.0
Hear My Ship: Motor Boats,0.8818830764067033,0.9207698295050523,3.0
Hear My Ship: Motor Boats,0.7823410221731416,0.9651696908758528,3.0
Hear My Ship: Motor Boats,0.8291053804458123,0.9273706329491949,7.0
Hear My Ship: Motor Boats,0.9498053695797807,0.8801223748737398,3.0
Hear My Ship: Motor Boats,0.9588557299157623,0.9325752910308578,3.0
Hear My Ship: Motor Boats,0.8961848991121794,0.9397405887295069,2.0
Hear My Ship: Motor Boats,0.8604145071334773,0.924231270312843,3.0
Hear My Ship: Motor Boats,0.9452655836409903,0.8636366482017206,2.0
Hear My Ship: Motor Boats,0.6854550950512299,0.9184765775684132,5.0
Hear My Ship: Motor Boats,0.9826805524599711,0.9278932235796721,4.0
Hear My Ship: Motor Boats,0.4439716809579363,0.7411272100067696,3.0
Hear My Ship: Motor Boats,0.9998305958069424,0.9327713985509396,4.0
Hear My Ship: Motor Boats,0.8642857142857143,0.9069002139646325,3.0
Hear My Ship: Motor Boats,0.9893869410035692,0.8954907501940705,3.0
Hear My Ship: Motor Boats,0.9026227252780271,0.8834714727294565,5.0
Hear My Ship: Motor Boats,0.9421123480555145,0.9753385063164035,3.0
Hear My Ship: Motor Boats,0.9878099556034776,0.7546884300369356,4.0
Hear My Ship: Motor Boats,0.6165637573104253,0.8673677324543556,2.0
Hear My Ship: Motor Boats,0.9876454083194021,0.8593949565068847,3.0
Hear My Ship: Motor Boats,0.9622470933522623,0.9096230434074566,2.0
Hear My Ship: Motor Boats,0.9998829050566199,0.9064638138829485,6.0
Hear My Ship: Motor Boats,0.8623408049657331,0.9237849855373447,11.0
Hear My Ship: Motor Boats,0.8117832879639957,0.9490207607102384,3.0
Hear My Ship: Motor Boats,0.9927637764388701,0.8493228811791692,4.0
Hear My Ship: Motor Boats,0.9888372197085605,0.9309189376042448,28.0
Hear My Ship: Motor Boats,0.9060635592065996,0.8828937592293998,3.0
Hear My Ship: Motor Boats,0.9875991087136573,0.8508508913664428,4.0
Hear My Ship: Motor Boats,0.9132668397589224,0.8658415032117488,7.0
Hear My Ship: Motor Boats,0.38295663274681047,0.8176215671653856,3.0
Hear My Ship: Motor Boats,0.9301698914872735,0.863747507715063,3.0
Hear My Ship: Motor Boats,0.6019660208564297,0.8277976950874903,2.0
Hear My Ship: Motor Boats,0.7024153622700741,0.9471881453729843,3.0
Hear My Ship: Motor Boats,0.5443021415033715,0.9510590471925116,5.0
Hear My Ship: Motor Boats,0.7377570693289055,0.892420778851397,3.0
Hear My Ship: Motor Boats,0.9261858770758521,0.8793782935766117,3.0
Hear My Ship: Motor Boats,0.9423518696885709,0.9179734055548027,3.0
Hear My Ship: Motor Boats,0.9876186515236344,0.8654627292523698,3.0
Hear My Ship: Motor Boats,0.919446424980347,0.9257562947108915,4.0
Hear My Ship: Motor Boats,0.9999645873059112,0.9051117784512347,5.0
Hear My Ship: Motor Boats,0.7513073666521404,0.8570917981045926,3.0
Hear My Ship: Motor Boats,0.736214145651959,0.9717439495667254,3.0
Hear My Ship: Motor Boats,0.8078369015945575,0.7541711121399702,3.0
Hear My Ship: Motor Boats,0.9994906974659719,0.9044413436946709,2.0
Hear My Ship: Motor Boats,0.9801791710734296,0.9324664021482019,2.0
Hear My Ship: Motor Boats,0.8124191155047531,0.9074757378749838,3.0
Hear My Ship: Motor Boats,0.9999933058997827,0.9002458449525647,3.0
Hear My Ship: Motor Boats,0.5058556483131261,0.910502011151591,3.0
Hear My Ship: Motor Boats,0.9859447012927463,0.8170255346879842,4.0
Hear My Ship: Motor Boats,0.9610804830714842,0.6946185896872955,6.0
Hear My Ship: Motor Boats,0.9679491480283102,0.8160964667868635,4.0
Hear My Ship: Motor Boats,0.43540891392541226,0.8047800823037609,2.0
Hear My Ship: Motor Boats,0.9999784099266886,0.8943077133147769,3.0
Hear My Ship: Motor Boats,0.9474316685148954,0.9189218369442715,3.0
Hear My Ship: Motor Boats,0.9059762962962963,0.9609462927986444,3.0
Hear My Ship: Motor Boats,0.6848280254584691,0.7782760765261173,4.0
Hear My Ship: Motor Boats,0.8809901836423945,0.9017016341726111,3.0
Hear My Ship: Motor Boats,0.6546568315200313,0.9158674454142882,3.0
Hear My Ship: Motor Boats,0.9588585910733561,0.9670067560805639,2.0
Hear My Ship: Motor Boats,0.5957939920125884,0.8823917686958828,2.0
Hear My Ship: Motor Boats,1.0,0.8919424056086638,2.0
Hear My Ship: Motor Boats,0.9999897124912015,0.9782389018037064,2.0
Hear My Ship: Motor Boats,0.9999846902270533,0.8180721238495562,3.0
Hear My Ship: Motor Boats,0.46386927079921525,0.8188170544540536,3.0
Hear My Ship: Motor Boats,0.39798596653872514,0.733603311328761,3.0
Hear My Ship: Motor Boats,0.5027721467059773,0.8512543867539842,4.0
Hear My Ship: Motor Boats,0.7814551718973264,0.8985874521893414,3.0
Hear My Ship: Motor Boats,0.6965148769262335,0.967191881253345,2.0
Hear My Ship: Motor Boats,0.8627987202580293,0.9271822875947175,2.0
Hear My Ship: Motor Boats,0.9792843861583269,0.8723604423143404,5.0
Hear My Ship: Motor Boats,0.9607502900157638,0.8941479317136982,11.0
Hear My Ship: Motor Boats,0.8649723603346782,0.818130688356059,7.0
Hear My Ship: Motor Boats,0.9999871994786697,0.8863492273635295,3.0
Hear My Ship: Motor Boats,0.879152078966781,0.9188115390431405,2.0
Hear My Ship: Motor Boats,0.868802143855509,0.7165058854636812,7.0
Hear My Ship: Motor Boats,1.0,0.8634188852525343,2.0
Hear My Ship: Motor Boats,0.9523911445061088,0.8595708706044782,3.0
Hear My Ship: Motor Boats,0.46134487106072736,0.8673203623700364,3.0
Hear My Ship: Motor Boats,0.9877136611092588,0.8085171986893429,3.0
Hear My Ship: Motor Boats,0.6754392385485509,0.7357434078780618,3.0
Hear My Ship: Motor Boats,0.9877669949086588,0.9093073186471977,8.0
Hear My Ship: Motor Boats,0.23082232741787895,0.9521297331289462,3.0
Hear My Ship: Motor Boats,0.999963579857233,0.8670020518229462,3.0
Hear My Ship: Motor Boats,0.9427235101227204,0.9128432940000212,4.0
Hear My Ship: Motor Boats,0.9999649864053362,0.8327692220885002,2.0
Hear My Ship: Motor Boats,0.9519854763649388,0.9221435065955563,5.0
Hear My Ship: Motor Boats,0.4388010410710413,0.9242215473194211,2.0
Hear My Ship: Motor Boats,0.9524743497514983,0.748770698177233,3.0
Hear My Ship: Motor Boats,0.9876446007699914,0.848782324695089,4.0
Hear My Ship: Motor Boats,0.7201386628931133,0.9218109326144618,4.0
Hear My Ship: Motor Boats,0.8938504958379707,0.8376088456690389,7.0
Hear My Ship: Motor Boats,0.929954490468534,0.7961734294598559,2.0
Hear My Ship: Motor Boats,0.6054760292397504,0.9260318076647822,2.0
Hear My Ship: Motor Boats,0.66693354683747,0.9124070590982101,3.0
Hear My Ship: Motor Boats,0.9617114336828847,0.874875337799809,3.0
Hear My Ship: Motor Boats,0.8914461167126448,0.9210358853500407,4.0
Hear My Ship: Motor Boats,0.9367519685396438,0.8581261495480357,7.0
Hear My Ship: Motor Boats,0.8546123697543256,0.9556855838092623,3.0
Hear My Ship: Motor Boats,0.9672482411198611,0.8915209640935371,2.0
Hear My Ship: Motor Boats,0.7874391103082139,0.9035526594713409,2.0
Hear My Ship: Motor Boats,0.9509362883327459,0.9199473358652093,4.0
Hear My Ship: Motor Boats,0.45417208148557703,0.8842129380887012,8.0
Hear My Ship: Motor Boats,0.48798859734597816,0.8080557391841138,2.0
Hear My Ship: Motor Boats,0.6229952767865706,0.9562816780976702,2.0
Hear My Ship: Motor Boats,0.6013331182318165,0.5325890034414439,3.0
Hear My Ship: Motor Boats,0.8131340316758225,0.9687403176798639,4.0
Hear My Ship: Motor Boats,0.7431005924698987,0.8130466021522421,5.0
Hear My Ship: Motor Boats,0.44005897123160187,0.8870991877840291,3.0
Hear My Ship: Motor Boats,0.5157848128165976,0.908136096292326,3.0
Hear My Ship: Motor Boats,0.6027359928698688,0.9457911484918654,3.0
Hear My Ship: Motor Boats,0.9552638371928422,0.9259533828518653,4.0
Hear My Ship: Motor Boats,0.947405158121193,0.8164092286644522,4.0
Hear My Ship: Motor Boats,0.8160726636119997,0.9114458557853293,3.0
Hear My Ship: Motor Boats,0.5585040009063628,0.7956764581944478,3.0
Hear My Ship: Motor Boats,0.9573152719035958,0.9667667478807439,3.0
Hear My Ship: Motor Boats,0.9999916822624246,0.8489376694730005,3.0
Hear My Ship: Motor Boats,0.9992783701041618,0.8216878687211459,3.0
Hear My Ship: Motor Boats,0.9999565157687554,0.8882237867645919,3.0
Hear My Ship: Motor Boats,0.8409759886519225,0.847162111615003,10.0
Hear My Ship: Motor Boats,0.3140856073520635,0.9664242041677139,3.0
Hear My Ship: Motor Boats,0.9971503613080577,0.8732875994948425,3.0
Hear My Ship: Motor Boats,0.9838048438751,0.9142036102105168,3.0
Hear My Ship: Motor Boats,0.8837739356576128,0.8370961140011449,3.0
Hear My Ship: Motor Boats,0.9889105066514761,0.8030088506661424,2.0
Hear My Ship: Motor Boats,0.7465931069512458,0.9659026797875141,5.0
Hear My Ship: Motor Boats,1.0,0.9134804570818208,3.0
Hear My Ship: Motor Boats,0.761891792399799,0.9229644975464784,4.0
Hear My Ship: Motor Boats,0.7618614609763441,0.9284154350089195,3.0
Hear My Ship: Motor Boats,0.600265992769777,0.9346754330747358,3.0
Hear My Ship: Motor Boats,1.0,0.9152029645367834,2.0
Hear My Ship: Motor Boats,0.6911668293551564,0.9499049915256745,4.0
Hear My Ship: Motor Boats,0.5068042185379231,0.8889998709148518,3.0
Hear My Ship: Motor Boats,0.8902678075421876,0.9144526690280698,3.0
Hear My Ship: Motor Boats,0.49902440029956724,0.8816426092702309,3.0
Hear My Ship: Motor Boats,0.9966778891761686,0.6295696587599352,2.0
Hear My Ship: Motor Boats,0.9755932797488391,0.8450842866779579,4.0
Hear My Ship: Motor Boats,0.9992380598865787,0.8728759775664376,3.0
Hear My Ship: Motor Boats,0.2852401542051689,0.8536411592500391,4.0
Hear My Ship: Motor Boats,0.9999902923534401,0.8727611056584206,3.0
Hear My Ship: Motor Boats,0.803056026216097,0.8235704996887995,4.0
Hear My Ship: Motor Boats,0.8162704623022369,0.8526820588112453,18.0
Hear My Ship: Motor Boats,0.9441672531541331,0.870894480041945,5.0
Hear My Ship: Motor Boats,0.9135138196647032,0.8344920522309619,2.0
Hear My Ship: Motor Boats,0.48307070041040695,0.9497047766343223,3.0
Hear My Ship: Motor Boats,0.9752511468251053,0.8911506877673899,2.0
Hear My Ship: Motor Boats,0.9582562682890793,0.8840888875993648,7.0
Hear My Ship: Motor Boats,0.4800126731041116,0.7267382525340425,3.0
Hear My Ship: Motor Boats,0.9339192075275482,0.9244633056089911,3.0
Hear My Ship: Motor Boats,0.40497772046890235,0.8689632707877,3.0
Hear My Ship: Motor Boats,0.5760053039681919,0.9637756341435342,2.0
Hear My Ship: Motor Boats,0.909574944603941,0.8899653495739929,3.0
Hear My Ship: Motor Boats,0.46839128067900204,0.889259080497848,5.0
Hear My Ship: Motor Boats,0.9999997804512668,0.9296227644173984,3.0
Hear My Ship: Motor Boats,0.8563514225225789,0.9375416057011665,5.0
Hear My Ship: Motor Boats,0.8114526624936153,0.921447264417683,3.0
Hear My Ship: Motor Boats,0.9467342190549307,0.7938902911706094,2.0
Hear My Ship: Motor Boats,0.6398126083910802,0.9525878082258826,5.0
Hear My Ship: Motor Boats,0.6120219239683399,0.8998855750260867,4.0
Hear My Ship: Motor Boats,0.8989598811292719,0.8837287633880416,4.0
Hear My Ship: Motor Boats,0.6632223840832738,0.9470039917821383,4.0
Hear My Ship: Motor Boats,0.5501174083647411,0.8769950214388924,4.0
Hear My Ship: Motor Boats,0.8001660782917047,0.8602441008636386,4.0
Hear My Ship: Motor Boats,0.8890498100522283,0.8808906769590218,3.0
Hear My Ship: Motor Boats,0.3525040520003396,0.9683244852103727,3.0
Hear My Ship: Motor Boats,0.9219577777516779,0.8816819355603045,6.0
Hear My Ship: Motor Boats,0.49203491770227875,0.8934762384130005,3.0
Hear My Ship: Motor Boats,0.7491516220850621,0.9613902314186588,3.0
Hear My Ship: Motor Boats,0.7177756420103024,0.7592801663295436,4.0
Hear My Ship: Motor Boats,0.2978738924331931,0.8530989564671245,3.0
Hear My Ship: Motor Boats,0.8558484059163761,0.7881947778744693,5.0
Hear My Ship: Motor Boats,0.9008859965351429,0.913071538680419,9.0
Hear My Ship: Motor Boats,0.9534889268724263,0.731929725549232,3.0
Hear My Ship: Motor Boats,0.6637021325583605,0.8340244370670774,3.0
Hear My Ship: Motor Boats,0.7951240727251511,0.9313372595407848,3.0
Hear My Ship: Motor Boats,0.9935989187999937,0.8886282035835306,4.0
Hear My Ship: Motor Boats,0.8157370344587539,0.8911914911898987,3.0
Hear My Ship: Motor Boats,0.7609639066670122,0.8240777528634172,12.0
Hear My Ship: Motor Boats,0.95862090367428,0.8916716441582663,3.0
Hear My Ship: Motor Boats,0.8923851374951619,0.8787782889543913,2.0
Hear My Ship: Motor Boats,0.9999967197017596,0.8479549212711529,3.0
Hear My Ship: Motor Boats,0.45374206292312935,0.8796643222392427,3.0
Hear My Ship: Motor Boats,0.4495235273906073,0.9478245464779981,3.0
Hear My Ship: Motor Boats,0.9999726064922614,0.9515305875238464,3.0
Hear My Ship: Motor Boats,0.9151166976660466,0.8930491722984837,2.0
Hear My Ship: Motor Boats,0.7201656151968115,0.9114137224796635,2.0
Hear My Ship: Motor Boats,0.9542077641354196,0.8840170887441045,2.0
Hear My Ship: Motor Boats,0.9999848773553519,0.9136762853001901,3.0
Hear My Ship: Motor Boats,0.958850137306779,0.8264713193273967,3.0
Hear My Ship: Motor Boats,0.7839145333258549,0.8068400204857412,3.0
Hear My Ship: Motor Boats,0.8889708537207883,0.9308743806163733,3.0
Hear My Ship: Motor Boats,0.9930656721918858,0.8369184522460934,2.0
Hear My Ship: Motor Boats,0.5485286563943469,0.941928691375023,10.0
Hear My Ship: Motor Boats,0.7682847826727572,0.9504797860480418,3.0
Hear My Ship: Motor Boats,0.9107512862291705,0.916850397228623,2.0
Hear My Ship: Motor Boats,0.9999591770817445,0.9475116645064113,3.0
Hear My Ship: Motor Boats,0.9980949337594035,0.8469594748732987,3.0
Hear My Ship: Motor Boats,0.7990265636602873,0.9143936936454127,5.0
Hear My Ship: Motor Boats,0.42273922888835763,0.8374454789175446,3.0
Hear My Ship: Motor Boats,0.9999804269404583,0.7821684694450237,3.0
Hear My Ship: Motor Boats,0.9756164330829205,0.8134985932960862,3.0
Hear My Ship: Motor Boats,0.3014199478767645,0.9437002339040885,3.0
Hear My Ship: Motor Boats,0.8742810263645935,0.8898036243131673,3.0
Hear My Ship: Motor Boats,0.998137696287838,0.6828629922221339,3.0
Hear My Ship: Motor Boats,0.9471018439751036,0.8080044483817327,4.0
Hear My Ship: Motor Boats,0.9999024446229772,0.7899292980433662,4.0
Hear My Ship: Motor Boats,0.9405021638101927,0.8335445106486299,3.0
Hear My Ship: Motor Boats,0.9100478547764121,0.7925212880647864,2.0
Hear My Ship: Motor Boats,0.970188367138651,0.8932126062296548,3.0
Hear My Ship: Motor Boats,0.4093329725567065,0.7634133062307703,5.0
Hear My Ship: Motor Boats,0.9306468338481094,0.8973447682763216,3.0
Hear My Ship: Motor Boats,0.9443874892106249,0.9161569504812572,3.0
Hear My Ship: Motor Boats,0.9999931612003096,0.845540747011344,5.0
Hear My Ship: Motor Boats,0.980619502584352,0.866939302550896,3.0
Hear My Ship: Motor Boats,0.41966651605609634,0.8498833017762834,2.0
Hear My Ship: Motor Boats,0.9629432269493414,0.846643259963029,3.0
Hear My Ship: Motor Boats,0.5192077539003056,0.9037153738781465,2.0
Hear My Ship: Motor Boats,0.9999887402069432,0.7957852095260589,2.0
Hear My Ship: Motor Boats,0.41774530619438255,0.8818167258501816,3.0
Hear My Ship: Motor Boats,0.9441789902774297,0.710120661144138,3.0
Hear My Ship: Motor Boats,0.6243777049807513,0.8781519700295047,2.0
Hear My Ship: Motor Boats,0.8437327472312262,0.883899796743656,5.0
Hear My Ship: Motor Boats,0.6037346202948976,0.8663531390736472,4.0
Hear My Ship: Motor Boats,0.4857440118750134,0.9038828448648886,2.0
Hear My Ship: Motor Boats,0.4205822445500638,0.9183063812791643,5.0
Hear My Ship: Motor Boats,0.9169289608249165,0.9831216563010874,3.0
Hear My Ship: Motor Boats,0.8484559349712839,0.8733566625600676,3.0
Hear My Ship: Motor Boats,0.756469606490825,0.895599761194057,6.0
Hear My Ship: Motor Boats,0.9994591728525981,0.9104643321573928,2.0
Hear My Ship: Motor Boats,0.5190957741088463,0.8629048820574101,4.0
Hear My Ship: Motor Boats,0.29109414951158974,0.8852478196246238,3.0
Hear My Ship: Motor Boats,0.622842813848636,0.7076277329136234,3.0
Hear My Ship: Motor Boats,0.9999858642386986,0.8904681323608054,3.0
Hear My Ship: Motor Boats,0.6355503535638778,0.7981330467140015,13.0
Hear My Ship: Motor Boats,0.837931581963785,0.9771422873229559,2.0
Hear My Ship: Motor Boats,0.5573655460205045,0.7912004692232376,6.0
Hear My Ship: Motor Boats,0.9875063342224002,0.8958184757698071,3.0
Hear My Ship: Motor Boats,0.610716725550411,0.9671750552155244,6.0
Hear My Ship: Motor Boats,0.7507009677058419,0.8806456252006117,2.0
Hear My Ship: Motor Boats,0.4459536358418486,0.8616741610128928,3.0
Hear My Ship: Motor Boats,0.9185211677225638,0.959526603155962,2.0
Hear My Ship: Motor Boats,0.9999777238199193,0.8985866794300575,2.0
Hear My Ship: Motor Boats,0.95084310331212,0.8720259333710928,3.0
Hear My Ship: Motor Boats,0.9999614567678033,0.8721062800569079,2.0
Hear My Ship: Motor Boats,0.9842591332879836,0.8425409021002187,3.0
Hear My Ship: Motor Boats,0.4769613208024833,0.9607271167164928,3.0
Hear My Ship: Motor Boats,0.3871890674616675,0.9271799675073855,3.0
Hear My Ship: Motor Boats,0.9333967754205641,0.7836259711683419,4.0
Hear My Ship: Motor Boats,0.9930822383356214,0.8964330116764433,4.0
Hear My Ship: Motor Boats,0.9811075931066389,0.9079808813021577,13.0
Hear My Ship: Motor Boats,0.9316292947831769,0.8734069346543454,7.0
Hear My Ship: Motor Boats,0.9998487253838806,0.7821063957249976,3.0
Hear My Ship: Motor Boats,0.326631506619067,0.8895116403433077,3.0
Hear My Ship: Motor Boats,0.936083142397886,0.9053613001399364,4.0
Hear My Ship: Motor Boats,0.9232214521485733,0.7439403832390397,3.0
Hear My Ship: Motor Boats,0.9753637644592891,0.8307427337235266,4.0
Hear My Ship: Motor Boats,0.9998253693597764,0.8486902218782444,4.0
Hear My Ship: Motor Boats,0.798338432868709,0.94247387482354,4.0
Hear My Ship: Motor Boats,0.9996907975604103,0.9110626006685575,3.0
Hear My Ship: Motor Boats,0.9481794025754081,0.9126953357285559,2.0
Hear My Ship: Motor Boats,0.9999586114354425,0.6926970196192996,3.0
Hear My Ship: Motor Boats,0.999960332152113,0.7423974892275566,3.0
Hear My Ship: Motor Boats,0.9143121590023383,0.9382055900143919,6.0
Hear My Ship: Motor Boats,0.4289027754668061,0.9566674206217887,6.0
Hear My Ship: Motor Boats,0.29443216383026916,0.959596151319131,3.0
Hear My Ship: Motor Boats,0.8683818912131255,0.9157248602836838,11.0
Hear My Ship: Motor Boats,0.958742014485756,0.8814272088632547,3.0
Hear My Ship: Motor Boats,0.9999541254645375,0.9570266992205373,3.0
Hear My Ship: Motor Boats,1.0,0.9737159440172554,2.0
Hear My Ship: Motor Boats,0.5927018407378064,0.8996369353172163,3.0
Hear My Ship: Motor Boats,0.6606264434576893,0.931019947576918,7.0
Hear My Ship: Motor Boats,0.8356511141819495,0.7509336433591121,3.0
Hear My Ship: Motor Boats,0.8904296326301279,0.8781649757215858,3.0
Hear My Ship: Motor Boats,0.48418407299313415,0.9512315490768788,4.0
Hear My Ship: Motor Boats,0.5385453968411971,0.9186272345368368,5.0
Hear My Ship: Motor Boats,0.9112800429939206,0.8842529966360155,3.0
Hear My Ship: Motor Boats,0.969986592514073,0.900684958084781,3.0
Hear My Ship: Motor Boats,0.7999776453888026,0.953947094886448,3.0
Hear My Ship: Motor Boats,0.948835731238016,0.7643352816684004,2.0
Hear My Ship: Motor Boats,0.6657896584899963,0.8791570849803115,3.0
Hear My Ship: Motor Boats,0.8836825413489228,0.9565869440589444,3.0
Hear My Ship: Motor Boats,0.8046288643407773,0.926665842026586,3.0
Hear My Ship: Motor Boats,0.8522464334834552,0.8720442330051779,3.0
Hear My Ship: Motor Boats,0.9999841733197341,0.8835911491012579,3.0
Hear My Ship: Motor Boats,0.9314061681331189,0.777057576904996,3.0
Hear My Ship: Motor Boats,0.6303920907980001,0.8850313868599797,3.0
Hear My Ship: Motor Boats,0.9998886888647639,0.8720873102122286,4.0
Hear My Ship: Motor Boats,0.6881276705943287,0.9259832951647256,3.0
Hear My Ship: Motor Boats,0.9999937212540381,0.9168596480335924,3.0
Hear My Ship: Motor Boats,0.8872022010289564,0.94264618416536,2.0
Hear My Ship: Motor Boats,0.7498610094559065,0.861935477581732,6.0
Hear My Ship: Motor Boats,0.3867320997179464,0.8481730238098505,3.0
Hear My Ship: Motor Boats,0.9727187128996602,0.9139209726050724,3.0
Hear My Ship: Motor Boats,0.9639009806017068,0.864980401707883,3.0
Hear My Ship: Motor Boats,0.726654461074702,0.9531576826248096,3.0
Hear My Ship: Motor Boats,0.9873736574428975,0.933553737137549,6.0
Hear My Ship: Motor Boats,0.8952777665859635,0.909576895137116,3.0
Hear My Ship: Motor Boats,0.6983109882513159,0.8719495876169341,4.0
Hear My Ship: Motor Boats,0.7747538748628531,0.915104049206323,3.0
Hear My Ship: Motor Boats,0.911077108519773,0.9360028271367137,7.0
Hear My Ship: Motor Boats,0.7164501819768604,0.8755103559678064,6.0
Hear My Ship: Motor Boats,0.9396486749925836,0.9130681874254979,3.0
Hear My Ship: Motor Boats,0.7507048057693473,0.9557182498749841,2.0
Hear My Ship: Motor Boats,0.9999623635679338,0.8965144954649689,3.0
Hear My Ship: Motor Boats,0.2422136107071782,0.9267114624120064,2.0
Hear My Ship: Motor Boats,0.591849995679803,0.8657853454099754,3.0
Hear My Ship: Motor Boats,0.8166931079831905,0.9353459048688297,8.0
Hear My Ship: Motor Boats,0.9999789059856005,0.8729231372840252,4.0
Hear My Ship: Motor Boats,0.8652566482229839,0.8803646577579248,3.0
Hear My Ship: Motor Boats,0.9826508635924504,0.7951947381202389,3.0
Hear My Ship: Motor Boats,0.8637513061831921,0.7892241505811066,3.0
Hear My Ship: Motor Boats,0.4529605230346026,0.9658844869923908,3.0
Hear My Ship: Motor Boats,0.8522728994284606,0.9217776047828086,11.0
Hear My Ship: Motor Boats,0.4896811396274455,0.9453754305843655,9.0
Hear My Ship: Motor Boats,0.9997200549196361,0.78780124894272,7.0
Hear My Ship: Motor Boats,0.8028328167203214,0.9214444214885925,3.0
Hear My Ship: Motor Boats,0.9874274924320382,0.8803873475442234,3.0
Hear My Ship: Motor Boats,0.6813866436353355,0.738864271706633,3.0
Hear My Ship: Motor Boats,0.9054534723207062,0.9332080754007492,4.0
Hear My Ship: Motor Boats,0.9992674391985436,0.7687194438149176,4.0
Hear My Ship: Motor Boats,0.9692990718489775,0.96238746609056,2.0
Hear My Ship: Motor Boats,0.7682329751252652,0.8581794235612333,5.0
Hear My Ship: Motor Boats,0.7567950089869877,0.7667218530582821,3.0
Hear My Ship: Motor Boats,0.7403501594525906,0.7852876089403201,3.0
Hear My Ship: Motor Boats,0.8465364734104577,0.8554710993355504,6.0
Hear My Ship: Motor Boats,0.990347589865349,0.8806577230482928,3.0
Hear My Ship: Motor Boats,0.4350075742204022,0.896375290239733,3.0
Hear My Ship: Motor Boats,0.6503818868006553,0.955334972234231,5.0
Hear My Ship: Motor Boats,0.7188940053924323,0.7370421747877295,5.0
Hear My Ship: Motor Boats,0.9582613570089031,0.8579050499350573,3.0
Hear My Ship: Motor Boats,0.9682223388984154,0.8518240055265199,4.0
Hear My Ship: Motor Boats,0.6011089387279508,0.9678021481964688,3.0
Hear My Ship: Motor Boats,0.48434368708392067,0.8230473418130432,3.0
Hear My Ship: Motor Boats,0.9999778961949176,0.8773448410389666,3.0
Hear My Ship: Motor Boats,0.999928358866968,0.8949528869867728,3.0
Hear My Ship: Motor Boats,0.9999577006352074,0.9027716564856028,2.0
Hear My Ship: Motor Boats,0.9121466283951148,0.8913357851979393,4.0
Hear My Ship: Motor Boats,0.9999815913973971,0.9185173827318917,4.0
Hear My Ship: Motor Boats,0.42429273590965955,0.8910436245412808,2.0
Hear My Ship: Motor Boats,0.7190949688891908,0.7743489903430082,3.0
Hear My Ship: Motor Boats,0.5433019369653793,0.7966374305208709,3.0
Hear My Ship: Motor Boats,0.7271228990405908,0.9180345704752192,4.0
Hear My Ship: Motor Boats,0.6518850940827458,0.9526650819648553,3.0
Hear My Ship: Motor Boats,0.5703642799845453,0.834390647272575,4.0
Hear My Ship: Motor Boats,0.9162603685213653,0.8761528141316591,4.0
Hear My Ship: Motor Boats,0.8911713547450397,0.9345260578309527,3.0
Hear My Ship: Motor Boats,0.9104503736325268,0.8856900253790679,6.0
Hear My Ship: Motor Boats,0.9944604177161235,0.754064148211226,3.0
Hear My Ship: Motor Boats,0.9586320498242275,0.8891276385875413,5.0
Hear My Ship: Motor Boats,0.2923721413676143,0.9756389779585526,3.0
Hear My Ship: Motor Boats,0.8169793384185765,0.7975331570784646,6.0
Hear My Ship: Motor Boats,0.9155783661426338,0.7688114114136453,3.0
Hear My Ship: Motor Boats,0.8326539529612724,0.9615320821436155,3.0
Hear My Ship: Motor Boats,0.907555641031148,0.8454809443990898,3.0
Hear My Ship: Motor Boats,0.8249967642796779,0.9159311144619585,3.0
Hear My Ship: Motor Boats,0.9170371190522324,0.9499353946458667,3.0
Hear My Ship: Motor Boats,0.39119781490590244,0.937876556349044,3.0
Hear My Ship: Motor Boats,0.9327997745656462,0.8696830364604761,3.0
Hear My Ship: Motor Boats,0.6103621219727317,0.8544313040208678,5.0
Hear My Ship: Motor Boats,0.6174900531549312,0.8942602000411964,3.0
Hear My Ship: Motor Boats,0.6433287175732446,0.8821488413879358,3.0
Hear My Ship: Motor Boats,0.9581122987705559,0.8930773858713571,5.0
Hear My Ship: Motor Boats,0.9619576846680324,0.897099295896951,3.0
Hear My Ship: Motor Boats,0.9588103058297441,0.8950095205775458,3.0
Hear My Ship: Motor Boats,0.9461326369373717,0.8583142227138988,3.0
Hear My Ship: Motor Boats,0.8873865799990236,0.9601783900880058,3.0
Hear My Ship: Motor Boats,0.9999792765202975,0.9045573424472352,2.0
Hear My Ship: Motor Boats,0.44545246257045434,0.8967064565923211,3.0
Hear My Ship: Motor Boats,1.0,0.971663599733754,2.0
Hear My Ship: Motor Boats,0.8942939550745856,0.901759724819942,2.0
Hear My Ship: Motor Boats,0.9223935544961798,0.8725419601710765,3.0
Hear My Ship: Motor Boats,0.8893903595480335,0.980240765285494,3.0
Hear My Ship: Motor Boats,0.999989899942093,0.8065902082513843,3.0
Hear My Ship: Motor Boats,0.5993175654706802,0.8964437254878033,3.0
Hear My Ship: Motor Boats,0.8625141099792063,0.8715526385604361,3.0
Hear My Ship: Motor Boats,0.9999894835446687,0.8464440241715808,4.0
Hear My Ship: Motor Boats,0.6105314551234681,0.7303765557666306,3.0
Hear My Ship: Motor Boats,0.9979524822601319,0.8922296913297652,3.0
Hear My Ship: Motor Boats,0.748814942215324,0.9313620747744407,3.0
Hear My Ship: Motor Boats,0.5401602876077317,0.8852571839628013,3.0
Hear My Ship: Motor Boats,0.9797379457395042,0.8201331981971324,3.0
Hear My Ship: Motor Boats,0.46128057426650865,0.898199536763128,4.0
Hear My Ship: Motor Boats,0.7708727418816688,0.9524689781711534,3.0
Hear My Ship: Motor Boats,0.9469909303610364,0.8392091136665331,3.0
Hear My Ship: Motor Boats,0.9624140115006679,0.8610194347797758,2.0
Hear My Ship: Motor Boats,0.4639704274675241,0.8793645115861775,3.0
Hear My Ship: Motor Boats,0.9750789971483956,0.9032095827830185,3.0
Hear My Ship: Motor Boats,0.8902822639859403,0.9675192145042508,4.0
Hear My Ship: Motor Boats,0.6271433981922234,0.7865101746370234,4.0
Hear My Ship: Motor Boats,0.8235183677568133,0.9750121986093638,2.0
Hear My Ship: Motor Boats,0.8886446656131776,0.9379769628477611,3.0
Hear My Ship: Motor Boats,0.884855091916172,0.9426501492455045,3.0
Hear My Ship: Motor Boats,0.8862491868932602,0.8436000117513055,3.0
Hear My Ship: Motor Boats,0.9530208618676201,0.8884838322300292,2.0
Hear My Ship: Motor Boats,0.971920073718415,0.8894414590192488,3.0
Hear My Ship: Motor Boats,0.9999983615159124,0.8847611859025694,4.0
Hear My Ship: Motor Boats,0.9128058344551836,0.8260587072828726,3.0
Hear My Ship: Motor Boats,0.8800741738959544,0.8033204339264076,3.0
Hear My Ship: Motor Boats,0.9059913565520074,0.9014955459811261,3.0
Hear My Ship: Motor Boats,0.9999915475238031,0.8158641664167418,8.0
Hear My Ship: Motor Boats,0.7514913801747688,0.855723988923889,3.0
Hear My Ship: Motor Boats,0.9609248563126523,0.9533382388628749,3.0
Hear My Ship: Motor Boats,0.9714080757248398,0.9022505919544941,3.0
Hear My Ship: Motor Boats,0.5260527823139804,0.808779540604251,3.0
Hear My Ship: Motor Boats,0.4160994618244649,0.686162062860533,4.0
Hear My Ship: Motor Boats,0.3242207108736135,0.6874709676311158,2.0
Hear My Ship: Motor Boats,0.948580644124389,0.8664646382745645,3.0
Hear My Ship: Motor Boats,0.94670348598162,0.7579033656977923,2.0
Hear My Ship: Motor Boats,0.9999459389950427,0.8015137699996578,5.0
Hear My Ship: Motor Boats,0.35844956363970965,0.9724823563787699,2.0
Hear My Ship: Motor Boats,0.9126254730952773,0.9547201519580166,2.0
Hear My Ship: Motor Boats,0.9004921203608093,0.9689835429661273,2.0
Hear My Ship: Motor Boats,0.9155930103791503,0.7769741328329891,5.0
Hear My Ship: Motor Boats,0.9999906621112418,0.8878761320164722,3.0
Hear My Ship: Motor Boats,0.9780042109251446,0.8835536150472232,4.0
Hear My Ship: Motor Boats,0.7706936577779506,0.8879994669730478,7.0
Hear My Ship: Motor Boats,0.7965759539934574,0.9665799224233198,3.0
Hear My Ship: Motor Boats,0.7928686886828458,0.9430400283743737,3.0
Hear My Ship: Motor Boats,0.728192786858348,0.9035208816516166,6.0
Hear My Ship: Motor Boats,0.7280218216526082,0.780882221774157,3.0
Hear My Ship: Motor Boats,0.9999952409760032,0.8682584242030679,2.0
Hear My Ship: Motor Boats,0.9998802640387529,0.842447977755247,4.0
Hear My Ship: Motor Boats,0.9547322926650971,0.8207571979883316,6.0
Hear My Ship: Motor Boats,0.777567011292827,0.9155608412902854,3.0
Hear My Ship: Motor Boats,0.34373129929979157,0.9145660621707132,2.0
Hear My Ship: Motor Boats,0.9347334765802205,0.6915493802669462,3.0
Hear My Ship: Motor Boats,0.9866365735880748,0.9155671967223301,3.0
Hear My Ship: Motor Boats,0.9875953793331941,0.8194446366221174,3.0
Hear My Ship: Motor Boats,0.20592308518409996,0.9431984185794497,3.0
Hear My Ship: Motor Boats,0.27568008968258,0.939751022381757,2.0
Hear My Ship: Motor Boats,0.4024987769816565,0.9155144877574376,6.0
Hear My Ship: Motor Boats,0.8128386880415498,0.9277785231802175,3.0
Hear My Ship: Motor Boats,0.9534891571570102,0.8481778980301735,4.0
Hear My Ship: Motor Boats,0.6045908095329015,0.9369725763533824,4.0
Hear My Ship: Motor Boats,0.8888249153085834,0.8922783867406091,4.0
Hear My Ship: Motor Boats,0.9999760003490858,0.7665486208141858,3.0
Hear My Ship: Motor Boats,0.9065895683556567,0.948132081242885,2.0
Hear My Ship: Motor Boats,0.909745839431477,0.8990404753022686,3.0
Hear My Ship: Motor Boats,0.9796989412897016,0.7429640091721346,3.0
Hear My Ship: Motor Boats,0.9989437875933379,0.8824279486728537,3.0
Hear My Ship: Motor Boats,0.8899890744115421,0.8019590602483023,6.0
Hear My Ship: Motor Boats,0.9757202310806158,0.8824302526416747,3.0
Hear My Ship: Motor Boats,0.6337582922239583,0.9644867858849425,3.0
Hear My Ship: Motor Boats,0.9653285192978143,0.9194913799700701,5.0
Hear My Ship: Motor Boats,0.915924945320594,0.9293815807952248,2.0
Hear My Ship: Motor Boats,0.9999877270664124,0.8411480820562787,3.0
Hear My Ship: Motor Boats,0.9292034794070152,0.9351886795947986,4.0
Hear My Ship: Motor Boats,0.7148184431798043,0.9134734746308492,3.0
Hear My Ship: Motor Boats,0.9999765396944787,0.8110135294735552,3.0
Hear My Ship: Motor Boats,0.9588781246946064,0.8472743675336273,3.0
Hear My Ship: Motor Boats,0.9999897427038232,0.8321092214624518,2.0
Hear My Ship: Motor Boats,0.9533148579501545,0.8643647148415137,4.0
Hear My Ship: Motor Boats,0.9875953768024478,0.9304143327683858,3.0
Hear My Ship: Motor Boats,0.6271901970276109,0.8860259799678791,3.0
Hear My Ship: Motor Boats,0.7555760012109314,0.7830503444539139,3.0
Hear My Ship: Motor Boats,0.6523494078669744,0.9340345245405465,3.0
Hear My Ship: Motor Boats,0.6022024627293147,0.9723855392215873,3.0
Hear My Ship: Motor Boats,0.8019000650655251,0.9028784078488602,3.0
Hear My Ship: Motor Boats,0.999989139907133,0.8792742482423007,4.0
Hear My Ship: Motor Boats,0.96680834554103,0.8756854676915822,3.0
Hear My Ship: Motor Boats,0.9999958265732515,0.900188434916489,3.0
Hear My Ship: Motor Boats,0.9672148870754554,0.9120159582002715,4.0
Hear My Ship: Motor Boats,0.8364140231493731,0.867511637809906,4.0
Hear My Ship: Motor Boats,0.999977052621738,0.8369339236602477,3.0
Hear My Ship: Motor Boats,0.7717377118802072,0.8331986337950535,6.0
Hear My Ship: Motor Boats,0.6502759093483294,0.7100457310605115,3.0
Hear My Ship: Motor Boats,0.9760252532044479,0.8566457603701914,3.0
Hear My Ship: Motor Boats,0.4609989233879575,0.9321836933070844,3.0
Hear My Ship: Motor Boats,0.7253279684814955,0.850838511397447,2.0
Hear My Ship: Motor Boats,0.8190894564543344,0.7889303752464967,3.0
Hear My Ship: Motor Boats,0.999953972102175,0.8895713360770119,3.0
Hear My Ship: Motor Boats,0.6953605982696395,0.9631485524390819,5.0
Hear My Ship: Motor Boats,0.363023093652338,0.8720421655998438,2.0
Hear My Ship: Motor Boats,0.9648826815920956,0.8534870688504198,3.0
Hear My Ship: Motor Boats,0.7457813176089424,0.9319741832736352,6.0
Hear My Ship: Motor Boats,0.9997794125818174,0.8544484552107326,2.0
Hear My Ship: Motor Boats,0.7986084447025042,0.8417516129904945,4.0
Hear My Ship: Motor Boats,0.4053360604428399,0.9097607000090169,3.0
Hear My Ship: Motor Boats,0.9032428658383759,0.9406482060110425,3.0
Hear My Ship: Motor Boats,0.4928278422044626,0.9771231198093117,3.0
Hear My Ship: Motor Boats,0.33924089337251273,0.8927039846313063,4.0
Hear My Ship: Motor Boats,0.346325770894143,0.8955615709381579,2.0
Hear My Ship: Motor Boats,0.4284401811145065,0.8364104038075267,3.0
Hear My Ship: Motor Boats,0.9999458947653186,0.9613506939256361,3.0
Hear My Ship: Motor Boats,0.6952928602505973,0.8225212570012912,4.0
Hear My Ship: Motor Boats,0.6027888808641245,0.9813390427610393,3.0
Hear My Ship: Motor Boats,0.9630776284511262,0.8081482001021615,5.0
Hear My Ship: Motor Boats,0.9814945463676605,0.9440772566808445,3.0
Hear My Ship: Motor Boats,0.7950798765313666,0.9199418424586882,3.0
Hear My Ship: Motor Boats,0.9452346628513341,0.9494993110492383,3.0
Hear My Ship: Motor Boats,0.9796228960702796,0.820022283079159,2.0
Hear My Ship: Motor Boats,0.8075540778407979,0.7272448849903705,3.0
Hear My Ship: Motor Boats,0.9999411056603286,0.7801742604054981,2.0
Hear My Ship: Motor Boats,0.8651741727505452,0.924862120354675,3.0
Hear My Ship: Motor Boats,0.8657659485166909,0.9122877845605991,7.0
Hear My Ship: Motor Boats,1.0,0.9388365025315006,2.0
Hear My Ship: Motor Boats,0.8783483620220912,0.9498223502560612,2.0
Hear My Ship: Motor Boats,0.7348685967241334,0.8534456640991583,12.0
Hear My Ship: Motor Boats,0.9877185533390402,0.9513116173977826,3.0
Hear My Ship: Motor Boats,0.9685385679940676,0.923109199257019,3.0
Hear My Ship: Motor Boats,0.9459025100478545,0.8642053827617237,3.0
Hear My Ship: Motor Boats,0.7558361769462306,0.8735330262125133,3.0
Hear My Ship: Motor Boats,0.9743280957395486,0.939174216643322,2.0
Hear My Ship: Motor Boats,0.8302317910822464,0.8576382438241281,5.0
Hear My Ship: Motor Boats,0.9896288680730079,0.917628941236133,2.0
Hear My Ship: Motor Boats,0.9972753479729436,0.901494662083581,5.0
Hear My Ship: Motor Boats,0.3797689705297321,0.8857824012753653,3.0
Hear My Ship: Motor Boats,0.7540299116418234,0.9395184222901949,8.0
Hear My Ship: Motor Boats,1.0,0.8768841402636595,2.0
Hear My Ship: Motor Boats,0.20127723942818496,0.9191340248555264,2.0
Hear My Ship: Motor Boats,0.581184303926381,0.8886161604317988,3.0
Hear My Ship: Motor Boats,0.3718626717686953,0.9228347038651161,3.0
Hear My Ship: Motor Boats,0.22088101336378796,0.8804065946907538,5.0
Hear My Ship: Motor Boats,0.7912438918611286,0.9224652125466697,4.0
Hear My Ship: Motor Boats,0.25756527477363106,0.9775008605262486,3.0
Hear My Ship: Motor Boats,0.9711045796888468,0.9481527984972438,3.0
Hear My Ship: Motor Boats,0.9306178435592535,0.8503743756336196,2.0
Hear My Ship: Motor Boats,0.7463830716883242,0.915001920221651,3.0
Hear My Ship: Motor Boats,0.948739159191742,0.8658374891897596,3.0
Hear My Ship: Motor Boats,0.18586961233992005,0.7356690656642024,2.0
Hear My Ship: Motor Boats,0.7195858810595553,0.8286944171772955,5.0
Hear My Ship: Motor Boats,0.9301519019704972,0.9163063099579007,4.0
Hear My Ship: Motor Boats,0.29186482162635197,0.8221929292402379,3.0
Hear My Ship: Motor Boats,0.4567223686894393,0.9097486221439034,2.0
Hear My Ship: Motor Boats,0.44324297493846904,0.6545493326760076,3.0
Hear My Ship: Motor Boats,0.7114229227727646,0.9173313883885429,9.0
Hear My Ship: Motor Boats,0.9996346224384474,0.7781874660527693,7.0
Hear My Ship: Motor Boats,0.43194471900110276,0.8817640282810509,4.0
Hear My Ship: Motor Boats,0.8950880975083951,0.8458154096994127,3.0
Hear My Ship: Motor Boats,0.5367008917689744,0.9605403883760806,3.0
Hear My Ship: Motor Boats,0.9159265240209932,0.817551331977847,2.0
Hear My Ship: Motor Boats,0.895729201160956,0.9307734511845909,3.0
Hear My Ship: Motor Boats,0.8070724092631404,0.928784597012582,6.0
Hear My Ship: Motor Boats,1.0,0.9559155517011988,2.0
Hear My Ship: Motor Boats,0.8149790146717936,0.916186075731366,2.0
Hear My Ship: Motor Boats,0.7018353253285701,0.7890430560323057,3.0
Hear My Ship: Motor Boats,0.9887502142979598,0.8737859787620106,6.0
Hear My Ship: Motor Boats,0.3734891674789097,0.9333174198707134,3.0
Hear My Ship: Motor Boats,0.9997225897552786,0.7755999196349873,3.0
Hear My Ship: Motor Boats,0.915415410952797,0.9361296510479841,3.0
Hear My Ship: Motor Boats,0.9301172534931376,0.8950899963723722,5.0
Hear My Ship: Motor Boats,0.9358389132025458,0.9407671223958443,2.0
Hear My Ship: Motor Boats,0.9946047731533243,0.8099432477611714,4.0
Hear My Ship: Motor Boats,0.9467676095298762,0.9460525973112257,3.0
Hear My Ship: Motor Boats,0.9680903384685061,0.8192186608690519,2.0
Hear My Ship: Motor Boats,0.8984780649618541,0.9161769656543473,4.0
Hear My Ship: Motor Boats,0.5100940089175022,0.926204420273026,5.0
Hear My Ship: Motor Boats,0.7672732423366845,0.9289645572967884,3.0
Hear My Ship: Motor Boats,0.42873256398469906,0.8503204891209334,3.0
Hear My Ship: Motor Boats,0.961093517439254,0.9019231550366104,3.0
Hear My Ship: Motor Boats,0.9999892965652616,0.8184050387635118,3.0
Hear My Ship: Motor Boats,0.9586093481916275,0.8509633578943839,6.0
Hear My Ship: Motor Boats,0.9999568764149926,0.797093299969682,3.0
Hear My Ship: Motor Boats,0.9999886405206108,0.8759502021652007,2.0
Hear My Ship: Motor Boats,0.887634337598019,0.9153443936009702,3.0
Hear My Ship: Motor Boats,0.6427725090654313,0.9475138637928016,3.0
Hear My Ship: Motor Boats,0.8116357796522142,0.9349319595105758,9.0
Hear My Ship: Motor Boats,0.4555481165396888,0.8307420566168146,3.0
Hear My Ship: Motor Boats,0.7936559834903901,0.9379682454130017,4.0
Hear My Ship: Motor Boats,0.45739540307120696,0.8639140006593834,3.0
Hear My Ship: Motor Boats,0.9829299079516534,0.8377048575677587,3.0
Hear My Ship: Motor Boats,0.9999512114127995,0.8505875438899527,3.0
Hear My Ship: Motor Boats,0.45761598183790847,0.9248868018168563,2.0
Hear My Ship: Motor Boats,0.36061930950337506,0.8882448968352126,3.0
Hear My Ship: Motor Boats,0.36555089493575044,0.940573906696931,3.0
Hear My Ship: Motor Boats,0.9447777451562431,0.9546349134676279,8.0
Hear My Ship: Motor Boats,0.8388941912127694,0.8507493741326559,3.0
Hear My Ship: Motor Boats,0.21368596015546323,0.9249087101699734,3.0
Hear My Ship: Motor Boats,0.9956455535869028,0.9553822960653501,11.0
Hear My Ship: Motor Boats,0.5371861985834243,0.9306519954190411,3.0
Hear My Ship: Motor Boats,0.6051124793095661,0.694578679729021,3.0
Hear My Ship: Motor Boats,0.9650569570340962,0.7592485879239999,2.0
Hear My Ship: Motor Boats,0.388218671960797,0.7729717860959714,3.0
Hear My Ship: Motor Boats,0.7597331568313245,0.8927909958390842,3.0
Hear My Ship: Motor Boats,0.931563208652097,0.8519391693894638,3.0
Hear My Ship: Motor Boats,0.9992553085974483,0.8268069179485711,3.0
Hear My Ship: Motor Boats,0.7617510531256284,0.794150442222049,4.0
Hear My Ship: Motor Boats,0.9152763208826666,0.8872502038856855,3.0
Hear My Ship: Motor Boats,0.9999747002597852,0.9083634667976959,3.0
Hear My Ship: Motor Boats,0.9783493988529172,0.8946171083867543,3.0
Hear My Ship: Motor Boats,0.6315004103558904,0.8561916399685111,3.0
Hear My Ship: Motor Boats,0.9154789916541601,0.9560920538949065,3.0
Hear My Ship: Motor Boats,0.35819392906115266,0.9007052467910299,3.0
Hear My Ship: Motor Boats,0.7571506280040301,0.937319190731154,3.0
Hear My Ship: Motor Boats,0.33413177639209507,0.9204198115231589,2.0
Hear My Ship: Motor Boats,0.3123343156564896,0.8268969815456416,3.0
Hear My Ship: Motor Boats,0.7151022055192632,0.9263784573498666,2.0
Hear My Ship: Motor Boats,0.32683289401975635,0.7604146715675998,3.0
Hear My Ship: Motor Boats,0.4273141066551858,0.9664502249843995,3.0
Hear My Ship: Motor Boats,0.9999441202036509,0.8310452871696339,3.0
Hear My Ship: Motor Boats,0.8989460957684982,0.8720335124209992,3.0
Hear My Ship: Motor Boats,0.9999229896924665,0.9391145801415913,3.0
Hear My Ship: Motor Boats,1.0,0.9934845754009588,2.0
Hear My Ship: Motor Boats,0.9580301958254427,0.707903137006831,3.0
Hear My Ship: Motor Boats,0.40473615471626795,0.9654519366313606,3.0
Hear My Ship: Motor Boats,0.6301955821184222,0.9245039504885355,4.0
Hear My Ship: Motor Boats,0.8575529321243588,0.8826572635881016,3.0
Hear My Ship: Motor Boats,0.5952885101672758,0.929962534352186,2.0
Hear My Ship: Motor Boats,0.7609402877936114,0.9224388442949663,5.0
Hear My Ship: Motor Boats,0.9424728009801009,0.9331193716497675,2.0
Hear My Ship: Motor Boats,1.0,0.8979378017394619,2.0
Hear My Ship: Motor Boats,0.9643801936091836,0.9504132242268425,3.0
Hear My Ship: Motor Boats,0.5352183942257609,0.9079506375374112,5.0
Hear My Ship: Motor Boats,0.9156911491758165,0.9587971417441624,10.0
Hear My Ship: Motor Boats,0.9259212619977001,0.8915519414609246,3.0
Hear My Ship: Motor Boats,0.4232050455097816,0.9047160978096952,3.0
Hear My Ship: Motor Boats,0.8637539463950181,0.908528217270999,3.0
Hear My Ship: Motor Boats,0.5298307037680564,0.6905211134721921,4.0
Hear My Ship: Motor Boats,0.7586043473129124,0.8821211453130753,3.0
Hear My Ship: Motor Boats,0.8284910138904807,0.86499468196004,4.0
Hear My Ship: Motor Boats,0.9999730296980093,0.8757237276222969,3.0
Hear My Ship: Motor Boats,0.9505589309042003,0.8087004939229171,2.0
Hear My Ship: Motor Boats,0.9993600782869055,0.9049942067883456,3.0
Hear My Ship: Motor Boats,0.9123002904607906,0.8381920061082013,3.0
Hear My Ship: Motor Boats,0.5946874392574498,0.742353182136209,4.0
Hear My Ship: Motor Boats,0.6511466358712485,0.9147478425284017,2.0
Hear My Ship: Motor Boats,0.9792287312569327,0.7629777179774148,3.0
Hear My Ship: Motor Boats,0.7370596285823208,0.8643699221066216,3.0
Hear My Ship: Motor Boats,0.8142873759724731,0.9644475217239881,2.0
Hear My Ship: Motor Boats,0.5647224908041195,0.8317824392886803,6.0
Hear My Ship: Motor Boats,0.3967620186302152,0.7753753762812192,2.0
Hear My Ship: Motor Boats,0.7552328613443536,0.8578164008789511,7.0
Hear My Ship: Motor Boats,0.9588188604489458,0.8521996085999036,3.0
Hear My Ship: Motor Boats,0.911242604168626,0.8092717375720563,3.0
Hear My Ship: Motor Boats,0.35685954610749687,0.8914407731784117,3.0
Hear My Ship: Motor Boats,0.5464371855322598,0.9350730135900821,2.0
Hear My Ship: Motor Boats,0.7376311261806989,0.9058579532312008,4.0
Hear My Ship: Motor Boats,0.9742025306226894,0.8869409903530723,2.0
Hear My Ship: Motor Boats,0.9990471277708521,0.8983234473816577,3.0
Hear My Ship: Motor Boats,0.8738007337766567,0.8992842130986921,2.0
Hear My Ship: Motor Boats,0.44988643364533154,0.7302104707080961,3.0
Hear My Ship: Motor Boats,0.958513161796198,0.876692398457507,3.0
Hear My Ship: Motor Boats,0.4343757573659246,0.8546974811687426,3.0
Hear My Ship: Motor Boats,0.9730022770426091,0.91492300005807,3.0
Hear My Ship: Motor Boats,0.6287121024945673,0.9112837420793206,4.0
Hear My Ship: Motor Boats,0.999962728711467,0.8775094707441944,3.0
Hear My Ship: Motor Boats,0.33508303421658053,0.9033028369506739,3.0
Hear My Ship: Motor Boats,0.6897993354334786,0.9215442751652777,3.0
Hear My Ship: Motor Boats,0.9292088626517289,0.9066582736169146,2.0
Hear My Ship: Motor Boats,0.9792296665243225,0.9355179649430309,3.0
Hear My Ship: Motor Boats,0.6832808185412839,0.9333498166420072,2.0
Hear My Ship: Motor Boats,0.7303941616902994,0.9598522242109886,3.0
Hear My Ship: Motor Boats,0.46868802801239434,0.8877896408354551,3.0
Hear My Ship: Motor Boats,0.9531474410522587,0.8708505196487173,2.0
Hear My Ship: Motor Boats,0.9320116195510517,0.8982809266930649,3.0
Hear My Ship: Motor Boats,0.9999634919910555,0.920959793299001,3.0
Hear My Ship: Motor Boats,0.9599099472104337,0.9304032496756527,3.0
Hear My Ship: Motor Boats,0.8554133843388421,0.970019264453372,3.0
Hear My Ship: Motor Boats,0.8573357505939375,0.8074185132337968,9.0
Hear My Ship: Motor Boats,0.5617364901320687,0.8730665109492252,3.0
Hear My Ship: Motor Boats,0.9590473485051507,0.8927613610310934,3.0
Hear My Ship: Motor Boats,0.9561636590571921,0.9490030407554714,4.0
Hear My Ship: Motor Boats,0.9734031189674954,0.9002339719270016,11.0
Hear My Ship: Motor Boats,0.61186703179401,0.8862381442406653,3.0
Hear My Ship: Motor Boats,0.8607511502879556,0.8659186633411622,4.0
Hear My Ship: Motor Boats,0.9789772834541296,0.879762961855954,3.0
Hear My Ship: Motor Boats,0.9347137040019231,0.9371604737879956,11.0
Hear My Ship: Motor Boats,0.8623276211764429,0.8315001633686406,3.0
Hear My Ship: Motor Boats,0.37959117950517685,0.8872138314985059,5.0
Hear My Ship: Motor Boats,0.8723151239846411,0.8642257863343475,3.0
Hear My Ship: Motor Boats,0.9077819503949098,0.9705444473943408,3.0
Hear My Ship: Motor Boats,0.9202919808488901,0.9434124352132729,4.0
Hear My Ship: Motor Boats,0.9999991004645483,0.9517118134846245,4.0
Hear My Ship: Motor Boats,0.6031702204126845,0.9043106521205467,3.0
Hear My Ship: Motor Boats,0.9674001739884499,0.920249730707549,6.0
Hear My Ship: Motor Boats,0.9916692394772049,0.9043826006674962,3.0
Hear My Ship: Motor Boats,0.8922113574629006,0.7384420880882657,2.0
Hear My Ship: Motor Boats,0.45238239329112223,0.8814268696302274,3.0
Hear My Ship: Motor Boats,0.750572702609022,0.8523274695581495,5.0
Hear My Ship: Motor Boats,0.9999572832123025,0.8638557545973807,3.0
Hear My Ship: Motor Boats,0.40268774808577185,0.888223413137252,3.0
Hear My Ship: Motor Boats,0.5202575165161116,0.861343213077406,2.0
Hear My Ship: Motor Boats,0.9439874023790777,0.8988113553398251,3.0
Hear My Ship: Motor Boats,0.17728589507918088,0.8593427313020925,2.0
Hear My Ship: Motor Boats,0.7716486529920583,0.9307519982466744,3.0
Hear My Ship: Motor Boats,0.9861981786952853,0.9511511492543243,18.0
Hear My Ship: Motor Boats,0.22408095407508796,0.9193726746887279,2.0
Hear My Ship: Motor Boats,0.8487311673698246,0.9236840172150783,3.0
Hear My Ship: Motor Boats,0.558483922848184,0.9689148928770369,2.0
Hear My Ship: Motor Boats,1.0,0.9503813207555499,2.0
Hear My Ship: Motor Boats,0.9849471717562169,0.9022316736625371,7.0
Hear My Ship: Motor Boats,0.8849428608531914,0.8172457757618883,3.0
Hear My Ship: Motor Boats,0.4718578115194284,0.8957545022531729,3.0
Hear My Ship: Motor Boats,0.9601077194461948,0.9118329939586945,3.0
Hear My Ship: Motor Boats,0.21401617402681383,0.8672576170309385,3.0
Hear My Ship: Motor Boats,0.3609972568418234,0.8806366187419543,3.0
Hear My Ship: Motor Boats,0.788135111572279,0.75490119377599,4.0
Hear My Ship: Motor Boats,0.5465299097911791,0.9276847589988437,3.0
Hear My Ship: Motor Boats,0.7680714670573037,0.9381134345373631,4.0
Hear My Ship: Motor Boats,1.0,0.958235368090106,2.0
Hear My Ship: Motor Boats,0.9999654877883504,0.8388187447762244,2.0
Hear My Ship: Motor Boats,0.9355066465073588,0.9489997894588947,3.0
Hear My Ship: Motor Boats,0.91148691767709,0.9523929492168438,3.0
Hear My Ship: Motor Boats,0.9993252180804261,0.9501560406678137,11.0
Hear My Ship: Motor Boats,0.8993114514783015,0.8126573385354602,4.0
Hear My Ship: Motor Boats,0.6213481792445738,0.8953701755074931,3.0
Hear My Ship: Motor Boats,0.9465447450814207,0.9241806151140175,3.0
Hear My Ship: Motor Boats,0.7234820378724056,0.9699702344178732,4.0
Hear My Ship: Motor Boats,0.9993028981638041,0.8268543099440284,4.0
Hear My Ship: Motor Boats,0.34429248079784996,0.8510663003047856,2.0
Hear My Ship: Motor Boats,0.9998517916486918,0.9054475080283239,3.0
Hear My Ship: Yachts,0.7233598761911125,0.9634811636486125,4.0
Hear My Ship: Yachts,0.9181176615905005,0.7418151886448369,3.0
Hear My Ship: Yachts,0.510145830923233,0.8927037116335286,2.0
Hear My Ship: Yachts,0.9999983314482978,0.9313674299120297,4.0
Hear My Ship: Yachts,0.6410055986239117,0.9342001218116226,2.0
Hear My Ship: Yachts,0.8894736842105263,0.9377317104042515,2.0
Hear My Ship: Yachts,0.4060871172122492,0.9314376967002967,3.0
Hear My Ship: Yachts,0.3926096490022916,0.9544832257835763,3.0
Hear My Ship: Yachts,0.5391397491675763,0.9290488796671168,4.0
Hear My Ship: Yachts,0.49662340405479405,0.8684498181729579,3.0
Hear My Ship: Yachts,0.9148327375031018,0.8760739167492333,7.0
Hear My Ship: Yachts,0.874222287133051,0.8571268385318265,7.0
Hear My Ship: Yachts,0.437645959372387,0.9297949070406637,3.0
Hear My Ship: Yachts,0.8847338194561604,0.9311354777515848,3.0
Hear My Ship: Yachts,0.828765388776414,0.7455637276290716,5.0
Hear My Ship: Yachts,0.17424540863805915,0.9611461261590148,2.0
Hear My Ship: Yachts,0.5394794701562374,0.9080258557282419,2.0
Hear My Ship: Yachts,0.7662106389992925,0.8972915357834459,3.0
Hear My Ship: Yachts,0.61186703179401,0.8862381442406653,3.0
Hear My Ship: Yachts,0.8890820056020825,0.9399830090171646,14.0
Hear My Ship: Yachts,0.9999609028827607,0.9224616050090076,3.0
Hear My Ship: Yachts,0.6831257466229669,0.9306836216579338,3.0
Hear My Ship: Yachts,0.27157103060631427,0.9015440518441044,2.0
Hear My Ship: Yachts,0.32988030222928244,0.9082832549656715,3.0
Hear My Ship: Yachts,0.8316907584862758,0.8638230631891214,3.0
Hear My Ship: Yachts,0.21557359789664665,0.9007248090338922,2.0
Hear My Ship: Yachts,0.8888753117728394,0.9343260458240842,4.0
Hear My Ship: Yachts,0.8816520206967942,0.9689383680258619,3.0
Hear My Ship: Yachts,0.8546180601500917,0.8542187968387136,3.0
Hear My Ship: Yachts,0.961764190298265,0.83209879762611,2.0
Hear My Ship: Yachts,0.6966554193998604,0.9352550793757293,3.0
Hear My Ship: Yachts,0.9582086685451394,0.9497553532033807,3.0
Hear My Ship: Yachts,0.8243549343547052,0.9437944818206029,2.0
Hear My Ship: Yachts,0.41221905559130784,0.8675362198734469,2.0
Hear My Ship: Yachts,0.7710327135965627,0.9664080943940035,3.0
Hear My Ship: Yachts,0.5811551370492611,0.8579894662394333,5.0
Hear My Ship: Yachts,0.9770395916259002,0.896532910390912,10.0
Hear My Ship: Yachts,0.5591844132257344,0.9698300427295871,2.0
Hear My Ship: Yachts,0.777502984096831,0.900106310034853,3.0
Hear My Ship: Yachts,0.8678751348264704,0.8018729822842716,3.0
Hear My Ship: Yachts,0.9884362418415193,0.9235224573721759,3.0
Hear My Ship: Yachts,0.8297688374529938,0.9622545952895694,5.0
Hear My Ship: Yachts,0.8839259052961514,0.9736361489825038,11.0
Hear My Ship: Yachts,0.9733096647855183,0.9546610133333545,17.0
Hear My Ship: Yachts,0.8392961876832845,0.9301125311959542,2.0
Hear My Ship: Yachts,0.5148633287420329,0.9064175047539758,3.0
Hear My Ship: Yachts,0.9999757693775013,0.8881266381634072,3.0
Hear My Ship: Yachts,0.35525534424485233,0.8369772796795016,4.0
Hear My Ship: Yachts,0.9932617380809975,0.8829150626445926,9.0
Hear My Ship: Yachts,0.7021553620018357,0.8771136148472695,3.0
Hear My Ship: Yachts,0.8765502256272899,0.9174987351217274,4.0
Hear My Ship: Yachts,0.9198143251825183,0.9280643007744852,3.0
Hear My Ship: Yachts,0.7858322458291476,0.9708983248378796,3.0
Hear My Ship: Yachts,0.9435994475976517,0.9049725743982625,2.0
Hear My Ship: Yachts,0.646852397994766,0.8291075977648545,2.0
Hear My Ship: Yachts,0.6495514455116613,0.9673175887507053,3.0
Hear My Ship: Yachts,0.5092715870380468,0.9529827053019626,2.0
Hear My Ship: Yachts,0.507750805522479,0.954493116854415,2.0
Hear My Ship: Yachts,0.9977068629401233,0.8390824995115992,10.0
Hear My Ship: Yachts,0.9935597937501535,0.9220300622781328,2.0
Hear My Ship: Yachts,0.4601616711425121,0.9472849998185545,2.0
Hear My Ship: Yachts,0.9947795525889366,0.9109562917285721,3.0
Hear My Ship: Yachts,0.9413707355893942,0.728586878543466,3.0
Hear My Ship: Yachts,0.9864344169985583,0.9008247500264039,6.0
Hear My Ship: Yachts,0.6937388321460787,0.948528085533311,3.0
Hear My Ship: Yachts,0.5766010951389771,0.9798834290047015,2.0
Hear My Ship: Yachts,0.9624845983216193,0.810806463184027,3.0
Hear My Ship: Yachts,0.3579843270137731,0.8750137345884439,3.0
Hear My Ship: Yachts,0.7475900060339241,0.8984932152046022,2.0
Hear My Ship: Yachts,0.9410034290931666,0.9038716903011144,3.0
Hear My Ship: Yachts,0.8758877671819917,0.8779114240036794,2.0
Hear My Ship: Yachts,0.9307692307692308,0.8539781771429205,2.0
Hear My Ship: Yachts,0.2987720744224321,0.923141853365678,2.0
Hear My Ship: Yachts,0.6290779561614369,0.8912177743807592,3.0
Hear My Ship: Yachts,0.999999291521864,0.8734742828239694,3.0
Hear My Ship: Yachts,0.6619313850063533,0.9670855318666277,2.0
Hear My Ship: Yachts,0.9974300055710512,0.9549844234182949,20.0
Hear My Ship: Yachts,0.5841435912804693,0.8791998205343653,2.0
Hear My Ship: Yachts,0.791715575504747,0.9414866149349439,3.0
Hear My Ship: Yachts,0.32499912981966117,0.8410596492035846,3.0
Hear My Ship: Yachts,0.9307605848366062,0.9440292524884831,2.0
Hear My Ship: Yachts,0.3244959621948718,0.9504451807705859,3.0
Hear My Ship: Yachts,0.6289540219862584,0.9611871109909095,3.0
Hear My Ship: Yachts,0.9312847118961882,0.9801846059637226,3.0
Hear My Ship: Yachts,0.9529525205266095,0.8913525536279291,3.0
Hear My Ship: Yachts,0.9956025430911724,0.8685883827054239,6.0
Hear My Ship: Yachts,0.9998782714546561,0.832426823687091,3.0
Hear My Ship: Yachts,0.995749987625328,0.9624236167132488,19.0
Hear My Ship: Yachts,0.9999930277148336,0.9292355277746897,3.0
Hear My Ship: Yachts,0.9280087369352131,0.8693758534378798,3.0
Hear My Ship: Yachts,0.8808979248522278,0.9616790107000212,5.0
Hear My Ship: Yachts,0.6718683349003254,0.8447081632739526,4.0
Hear My Ship: Yachts,0.18372307497404525,0.9059870749471444,3.0
Hear My Ship: Yachts,0.9219536829102501,0.8532842284726678,3.0
Hear My Ship: Yachts,0.8764884998007736,0.8956204126512077,3.0
Hear My Ship: Yachts,0.6698851679935591,0.9225227011534888,3.0
Hear My Ship: Yachts,0.778460191915634,0.9160570345469916,2.0
Hear My Ship: Yachts,0.3708485864982081,0.8737033361431139,3.0
Hear My Ship: Yachts,0.7639150718315124,0.9585217796310762,3.0
Hear My Ship: Yachts,0.7232276631443271,0.9406106082962674,3.0
Hear My Ship: Yachts,0.690533641798362,0.9766884211514767,3.0
Hear My Ship: Yachts,0.9999423095864582,0.9566994967835036,3.0
Hear My Ship: Yachts,0.7985248840605188,0.9702948758304322,4.0
Hear My Ship: Yachts,0.8680612970609104,0.8674159427456449,3.0
Hear My Ship: Yachts,0.8213576523645356,0.9251216665278925,5.0
Hear My Ship: Yachts,0.309190994587281,0.9356337422089013,3.0
Hear My Ship: Yachts,0.7365478494486348,0.9528450832259028,3.0
Hear My Ship: Yachts,0.6612287021015296,0.9622452024606799,4.0
Hear My Ship: Yachts,0.9750862137395154,0.9549576961199497,24.0
Hear My Ship: Yachts,0.36301886662142957,0.8509761563907077,2.0
Hear My Ship: Yachts,0.8979228060657409,0.9328000272234716,4.0
Hear My Ship: Yachts,0.9429853655827386,0.9797470411376482,27.0
Hear My Ship: Yachts,0.7388282522272248,0.8919672872769413,3.0
Hear My Ship: Yachts,0.9919620215688243,0.9635538755399311,4.0
Hear My Ship: Yachts,0.943380308747856,0.8555420493201247,3.0
Hear My Ship: Yachts,0.9469385537305555,0.9288918855478692,4.0
Hear My Ship: Yachts,0.893375017484963,0.939687794769931,3.0
Hear My Ship: Yachts,0.9346356452140766,0.9441916961137452,48.0
Hear My Ship: Yachts,0.9484111187801071,0.9550989071544295,3.0
Hear My Ship: Yachts,0.7136645529604284,0.9043637240990992,4.0
Hear My Ship: Yachts,0.7872668471561954,0.972789379472,2.0
Hear My Ship: Yachts,0.9998164565080944,0.9426597799211526,5.0
Hear My Ship: Yachts,0.6189762521321344,0.9394345057311138,2.0
Hear My Ship: Sail Boats,0.9999991291218971,0.8717004495210492,3.0
Hear My Ship: Sail Boats,0.9995028252283401,0.8833136969536839,4.0
Hear My Ship: Sail Boats,0.7639039680698974,0.9515084165240942,3.0
Hear My Ship: Sail Boats,0.8871690198868957,0.977455199814281,4.0
Hear My Ship: Sail Boats,0.9002244486489,0.9390067080326258,4.0
Hear My Ship: Sail Boats,0.7295051245771993,0.9028944697880258,3.0
Hear My Ship: Sail Boats,0.9999995263813857,0.9070011513590218,3.0
Hear My Ship: Sail Boats,0.27203411720389603,0.9473617516100896,2.0
Hear My Ship: Sail Boats,0.975752218568681,0.9028714467635106,4.0
Hear My Ship: Sail Boats,0.9139137522052428,0.9624839211692254,4.0
Hear My Ship: Sail Boats,0.9105551359516616,0.9816726184794048,3.0
Hear My Ship: Sail Boats,0.7649090812534182,0.9542584325602237,4.0
Hear My Ship: Sail Boats,1.0,0.9453033123917627,3.0
Hear My Ship: Sail Boats,0.7806445910184701,0.9517942883958961,6.0
Hear My Ship: Sail Boats,0.9308573643926533,0.9495937991549765,7.0
Hear My Ship: Sail Boats,0.9999999457879923,0.8950546134619202,2.0
Hear My Ship: Sail Boats,0.927482374993719,0.9125132076975804,3.0
Hear My Ship: Sail Boats,0.9279888029471869,0.9662041558054618,3.0
Hear My Ship: Sail Boats,0.3461716971744891,0.94621972162507,3.0
Hear My Ship: Sail Boats,0.8376836389333135,0.942027069624302,3.0
Hear My Ship: Sail Boats,0.7817300389296962,0.8870287208119865,4.0
Hear My Ship: Sail Boats,0.8941723008926539,0.935211595862298,4.0
Hear My Ship: Sail Boats,0.7951007809546907,0.9227449608502929,3.0
Hear My Ship: Sail Boats,0.9759214537404319,0.8284953460284722,4.0
Hear My Ship: Sail Boats,0.7262100416374889,0.8695234729165563,3.0
Hear My Ship: Sail Boats,0.9891971454058875,0.9371444726197471,3.0
Hear My Ship: Sail Boats,0.7002042991637983,0.8896037147429164,2.0
Hear My Ship: Sail Boats,0.26102899231599563,0.9777152801123096,3.0
Hear My Ship: Sail Boats,0.41797855211845186,0.9417329596102006,3.0
Hear My Ship: Sail Boats,0.46785206684695163,0.9278465598493076,3.0
Hear My Ship: Sail Boats,0.8767454842136321,0.9436490968132781,3.0
Hear My Ship: Sail Boats,0.9474828375286041,0.45597045184709495,3.0
Hear My Ship: Sail Boats,0.7724370480217669,0.9308102286610043,4.0
Hear My Ship: Sail Boats,0.3455141676273428,0.881426935242822,2.0
Hear My Ship: Sail Boats,0.8962285536528819,0.8637552518725788,7.0
Hear My Ship: Sail Boats,0.3548693359185504,0.9414478884686086,3.0
Hear My Ship: Sail Boats,0.48121935404467947,0.983897337715216,3.0
Hear My Ship: Sail Boats,0.29557862360630527,0.897486678302394,3.0
Hear My Ship: Sail Boats,0.6469992139607385,0.9415075200250526,2.0
Hear My Ship: Sail Boats,0.8610423129496733,0.9166683114177544,4.0
Hear My Ship: Sail Boats,0.3471069005123577,0.9885136778039022,3.0
Hear My Ship: Sail Boats,0.9965015203280895,0.9742434034399149,5.0
Hear My Ship: Sail Boats,0.9970425658840367,0.9664239619113407,4.0
Hear My Ship: Sail Boats,0.9153688311264722,0.9115905714970624,3.0
Hear My Ship: Sail Boats,0.25627090013554077,0.8876877910541944,3.0
Hear My Ship: Sail Boats,0.6558834786533576,0.9058290974245493,3.0
Hear My Ship: Sail Boats,0.7321071648670322,0.947670672630248,3.0
Hear My Ship: Sail Boats,0.5300592526366584,0.9607541822362375,3.0
Hear My Ship: Sail Boats,0.3116154149196144,0.9592749815092242,3.0
Hear My Ship: Sail Boats,0.6526993757828851,0.8346487226736781,5.0
Hear My Ship: Sail Boats,0.8263209688664862,0.9572814763658053,5.0
Hear My Ship: Sail Boats,0.9411533034990134,0.9297090486069239,2.0
Hear My Ship: Sail Boats,0.9998024213227539,0.830421400848032,3.0
Hear My Ship: Sail Boats,0.8188116282773419,0.929102036800452,4.0
Hear My Ship: Sail Boats,0.8634045554087514,0.9459078331895325,4.0
Hear My Ship: Sail Boats,0.6913078874654267,0.9531160484262657,2.0
Hear My Ship: Sail Boats,0.7710137024571317,0.8993160587494852,3.0
Hear My Ship: Sail Boats,1.0,0.9862067960589255,2.0
Hear My Ship: Sail Boats,0.8946433184729831,0.9143136326339416,5.0
Hear My Ship: Sail Boats,0.28703381526098826,0.9153350757111977,3.0
Hear My Ship: Sail Boats,0.9688816473898466,0.9129746941925175,5.0
Hear My Ship: Sail Boats,0.8511699157173852,0.9057272570016902,15.0
Hear My Ship: Sail Boats,0.5091164627322656,0.9463630031230372,2.0
Hear My Ship: Sail Boats,0.9802277276653584,0.9267886936084488,3.0
Hear My Ship: Sail Boats,0.9759245185348565,0.9499209232530051,11.0
Hear My Ship: Sail Boats,1.0,0.9882020630785731,3.0
Hear My Ship: Sail Boats,0.9999993781665971,0.9085504537421125,5.0
Hear My Ship: Sail Boats,0.9887893596709777,0.9254668347636177,5.0
Hear My Ship: Sail Boats,0.8079748318619014,0.9421460051123636,3.0
Hear My Ship: Sail Boats,0.8247447112916789,0.9428572160348747,3.0
Hear My Ship: Sail Boats,0.5516232014694173,0.7833545690018349,3.0
Hear My Ship: Sail Boats,0.9996519963087205,0.9012554270614908,3.0
Hear My Ship: Sail Boats,0.3181970624894486,0.9630934128038863,4.0
Hear My Ship: Sail Boats,0.9999970409392558,0.9217155051803609,6.0
Hear My Ship: Sail Boats,0.6942685640912443,0.9107496217977737,4.0
Hear My Ship: Sail Boats,0.8065554736605755,0.938536467645432,3.0
Hear My Ship: Sail Boats,0.6567193397189446,0.9528668264114282,3.0
Hear My Ship: Sail Boats,0.8299573323485951,0.9288586733107925,3.0
Hear My Ship: Sail Boats,0.5084344191867144,0.9788293814037955,3.0
Hear My Ship: Sail Boats,0.9999992556392668,0.9438797989477277,7.0
Hear My Ship: Sail Boats,0.6136085344274962,0.9442218227113934,13.0
Hear My Ship: Sail Boats,0.9627657941255451,0.784860697079896,2.0
Hear My Ship: Sail Boats,0.9330331034682284,0.924774085148037,6.0
Hear My Ship: Sail Boats,0.297082782388387,0.8636227184944452,2.0
Hear My Ship: Sail Boats,1.0,0.9684067425695602,2.0
Hear My Ship: Sail Boats,0.9999987799572088,0.83898505970801,3.0
Hear My Ship: Sail Boats,0.42759041658016894,0.9242476521842176,3.0
Hear My Ship: Sail Boats,0.9163654529307282,0.9636389178696659,3.0
Hear My Ship: Sail Boats,0.2737240819832502,0.9255939341413084,3.0
Hear My Ship: Sail Boats,0.8520210702691623,0.9579791739939041,4.0
Hear My Ship: Sail Boats,0.4954727948700064,0.9109710913766588,3.0
Hear My Ship: Sail Boats,0.35956098212171134,0.9834136816454997,2.0
Hear My Ship: Sail Boats,0.19162779066074576,0.9959863009903803,3.0
Hear My Ship: Sail Boats,0.7175992597686071,0.9326956609825436,3.0
Hear My Ship: Sail Boats,0.6210501975488985,0.9634570971769953,3.0
Hear My Ship: Sail Boats,0.8401589477977375,0.8364743890441532,3.0
Hear My Ship: Sail Boats,0.4249928274284609,0.976466349345077,2.0
Hear My Ship: Sail Boats,0.47011077736167267,0.9540559790275568,2.0
Hear My Ship: Sail Boats,0.5038874531356354,0.891829422222351,3.0
Hear My Ship: Sail Boats,0.22639314652910522,0.9618276545972148,2.0
Hear My Ship: Sail Boats,0.4863740511767599,0.9199154408404616,5.0
Hear My Ship: Sail Boats,0.9999987789279322,0.9181350417307526,5.0
Hear My Ship: Sail Boats,0.22895470236676077,0.9306187837189188,3.0
Hear My Ship: Sail Boats,0.9096866892046339,0.9385567742806861,4.0
Hear My Ship: Sail Boats,0.40285441703916264,0.9739493425472386,3.0
Hear My Ship: Sail Boats,0.7409222463944697,0.9340761372752588,4.0
Hear My Ship: Sail Boats,0.9433689434538521,0.9703674624362364,5.0
Hear My Ship: Sail Boats,0.9001374983814387,0.8568389466552518,4.0
Hear My Ship: Sail Boats,0.782939522056907,0.9466925756398318,3.0
Hear My Ship: Sail Boats,0.6641416260482385,0.9546322697666911,3.0
Hear My Ship: Sail Boats,0.9907584011474447,0.9205061756961457,4.0
Hear My Ship: Sail Boats,0.6071822464445102,0.9427194305044845,2.0
Hear My Ship: Sail Boats,0.4112068931803974,0.9235321327084846,2.0
Hear My Ship: Sail Boats,0.861416202721833,0.9471659590310515,4.0
Hear My Ship: Sail Boats,0.9999978096089388,0.8438077072873003,3.0
Hear My Ship: Sail Boats,0.4817764712567292,0.9121546424753226,2.0
Hear My Ship: Sail Boats,0.9527664064767496,0.911416621602133,4.0
Hear My Ship: Sail Boats,0.8902461865097476,0.9368883837188109,3.0
Hear My Ship: Sail Boats,0.5921655476887994,0.9315158036660881,2.0
Hear My Ship: Sail Boats,0.9995402242926995,0.9510633859305087,2.0
Hear My Ship: Sail Boats,0.7365312773186099,0.9190673727065968,3.0
Hear My Ship: Sail Boats,0.6802042907859647,0.9204365021843062,2.0
Hear My Ship: Sail Boats,0.8108839232699719,0.943866693087057,3.0
Hear My Ship: Sail Boats,0.9678869019050693,0.9376681822740842,3.0
Hear My Ship: Sail Boats,0.5908595578834733,0.9714177298573453,3.0
Hear My Ship: Sail Boats,0.513356340079136,0.9105047866685266,2.0
Hear My Ship: Sail Boats,0.5862297158693496,0.8526732227326687,3.0
Hear My Ship: Sail Boats,0.9978743985046403,0.9168313539822708,5.0
Hear My Ship: Sail Boats,0.9980452105492571,0.9665035359147729,6.0
Hear My Ship: Sail Boats,0.9874437151863708,0.9666714859755313,20.0
Hear My Ship: Sail Boats,0.3028896295501858,0.975894601218988,2.0
Hear My Ship: Sail Boats,0.8503098352502197,0.9437254962364785,7.0
Hear My Ship: Sail Boats,0.5373130040727806,0.9046195775445536,3.0
Hear My Ship: Sail Boats,0.5635574668323771,0.9106307971413956,3.0
Hear My Ship: Sail Boats,0.8565343343623365,0.8718139007774299,5.0
Hear My Ship: Sail Boats,0.898419354774946,0.9184806100510757,3.0
Hear My Ship: Sail Boats,0.8436533483247238,0.9607403412806241,16.0
Hear My Ship: Sail Boats,0.21301918354455773,0.9878253750994686,2.0
Hear My Ship: Sail Boats,0.8936352005023772,0.9778376404797114,3.0
Hear My Ship: Sail Boats,0.9021921553522566,0.9891199783794885,3.0
Hear My Ship: Sail Boats,0.9206195041733857,0.9902472770445252,5.0
Hear My Ship: Sail Boats,0.4723988917873633,0.9492610930411636,2.0
Hear My Ship: Sail Boats,0.3871177148524795,0.9070894435457214,3.0
Hear My Ship: Sail Boats,0.8240239920698481,0.9418669729703099,2.0
Hear My Ship: Sail Boats,0.9461377317598687,0.9319833481828299,5.0
Hear My Ship: Sail Boats,0.9999235481823556,0.8821487423770201,7.0
Hear My Ship: Sail Boats,0.48529698942229454,0.9814156901357435,2.0
Hear My Ship: Sail Boats,0.4808422239847057,0.9298138298366198,2.0
Hear My Ship: Sail Boats,0.6760374727207882,0.9792026495309542,3.0
Hear My Ship: Sail Boats,0.6602698478633018,0.8902026080398777,3.0
Hear My Ship: Sail Boats,0.5334425240882115,0.9692075931715786,2.0
Hear My Ship: Sail Boats,0.8978415489601681,0.9784807323926605,4.0
Hear My Ship: Sail Boats,0.955620132643239,0.8536204776943037,2.0
Hear My Ship: Sail Boats,0.9969672985229627,0.9330644779077245,6.0
Hear My Ship: Sail Boats,0.33156436850170967,0.9119371419305059,3.0
Hear My Ship: Sail Boats,0.9999960457334442,0.9708268759805153,4.0
Hear My Ship: Sail Boats,0.37289433217211365,0.9244290676790311,2.0
Hear My Ship: Sail Boats,0.9893035463220131,0.8958996123575413,3.0
Hear My Ship: Sail Boats,0.6328269118748373,0.9275893076761386,3.0
Hear My Ship: Sail Boats,0.35495644182310365,0.9470217040130896,2.0
Hear My Ship: Sail Boats,0.6414190464382638,0.9706627350978964,3.0
Hear My Ship: Sail Boats,0.8450216714346784,0.9412225996286873,3.0
Hear My Ship: Sail Boats,0.5141298733779731,0.93833060627618,3.0
Hear My Ship: Sail Boats,0.8864662473345172,0.9417309093771111,3.0
Hear My Ship: Sail Boats,0.989075908446057,0.8994068148302915,6.0
Hear My Ship: Sail Boats,0.7537669051407949,0.9551451157672213,5.0
Hear My Ship: Sail Boats,0.8170894626567081,0.9720116248395568,3.0
Hear My Ship: Sail Boats,0.9642461578930052,0.9619410165256052,3.0
Hear My Ship: Sail Boats,0.22522961649093273,0.7765637205432602,3.0
Hear My Ship: Sail Boats,0.8518314315679991,0.9720100596034339,3.0
Hear My Ship: Sail Boats,0.9065137828806025,0.943941048049676,3.0
Hear My Ship: Sail Boats,0.9633411020932376,0.9457023016033215,4.0
Hear My Ship: Sail Boats,0.4694681658559498,0.9395174881827697,3.0
Hear My Ship: Sail Boats,0.8588672729070607,0.9369484774043745,6.0
Hear My Ship: Sail Boats,0.6019615616678418,0.939379635092695,2.0
Hear My Ship: Sail Boats,0.9063973675485324,0.9042532320400807,4.0
Hear My Ship: Sail Boats,0.8028245207585158,0.94053743723452,4.0
Hear My Ship: Sail Boats,0.4571909834798378,0.9596797676682522,3.0
Hear My Ship: Sail Boats,0.41000265348569265,0.9690424451468047,3.0
Hear My Ship: Sail Boats,0.7749349871408168,0.8697192714051379,3.0
Hear My Ship: Sail Boats,0.6439933593905393,0.887856253565997,3.0
Hear My Ship: Sail Boats,0.27125857554525107,0.9843264430199675,3.0
Hear My Ship: Sail Boats,0.9812344560944881,0.9271933860990229,5.0
Hear My Ship: Sail Boats,0.8210345972307249,0.9214125672279756,3.0
Hear My Ship: Sail Boats,0.9999990296259451,0.9482339420964043,6.0
Hear My Ship: Sail Boats,0.3212786542770977,0.951606506344286,3.0
Hear My Ship: Sail Boats,0.9999989093943524,0.8545207672132582,4.0
Hear My Ship: Sail Boats,0.952555902972043,0.9431952662220169,4.0
Hear My Ship: Sail Boats,0.2030191762464415,0.1505290322389524,6.0
Hear My Ship: Sail Boats,0.9643918747776788,0.9673026406693631,17.0
Hear My Ship: Sail Boats,0.726626350885261,0.8601628468894823,2.0
Hear My Ship: Ferries,0.9120689655172414,0.8387749640096598,2.0
Hear My Ship: Ferries,0.5367660795081913,0.9204453835198163,2.0
Hear My Ship: Ferries,0.9966109670255706,0.9316738419656442,16.0
Hear My Ship: Ferries,0.6405551724137931,0.9390616931414699,3.0
Hear My Ship: Ferries,0.6229112323136511,0.9215573639232282,3.0
Hear My Ship: Ferries,0.8349771594410719,0.9683525773212384,3.0
Hear My Ship: Ferries,0.7069167903125448,0.9143123957641344,3.0
Hear My Ship: Ferries,0.7833339986655337,0.974125814703251,3.0
Hear My Ship: Ferries,0.5782585576004471,0.933983120730412,3.0
Hear My Ship: Ferries,0.9292798323831798,0.9476198066239327,14.0
Hear My Ship: Ferries,0.5780974143063342,0.9388415632564496,2.0
Hear My Ship: Ferries,0.4622408199917483,0.9134547708409652,2.0
Hear My Ship: Ferries,0.5856292813594319,0.9379804314966536,2.0
Hear My Ship: Ferries,0.7178065186689181,0.904759434613574,3.0
Hear My Ship: Ferries,0.5081808016909951,0.9455823212889339,2.0
Hear My Ship: Ferries,0.752161712440355,0.9477852084091015,2.0
Hear My Ship: Ferries,0.23251084264820565,0.9522641256775295,2.0
Hear My Ship: Ferries,0.29695270878760904,0.8812510187715988,3.0
Hear My Ship: Ferries,0.31486721103856247,0.8524866913111069,3.0
Hear My Ship: Ferries,0.7900642640354866,0.8536818738234153,2.0
Hear My Ship: Ferries,0.23513869039334367,0.9513211860316638,2.0
Hear My Ship: Ferries,0.7390294259337548,0.9256627888476219,3.0
Hear My Ship: Ferries,0.7851203616440107,0.9692145874668718,3.0
Hear My Ship: Ferries,0.8221559212591932,0.95084321375895,3.0
Hear My Ship: Ferries,0.36581454810229597,0.9272018474229078,2.0
Hear My Ship: Ferries,0.8633569787594212,0.8739817787641133,3.0
Hear My Ship: Ferries,0.7622661885629748,0.8576527696307237,2.0
Hear My Ship: Ferries,0.8072006070454881,0.9307358878429854,2.0
Hear My Ship: Ferries,0.8196354718706487,0.8888302387899427,3.0
Hear My Ship: Ferries,0.7798514661686682,0.95303688726683,2.0
Hear My Ship: Ferries,0.7445417414154094,0.9500101981511982,3.0
Hear My Ship: Ferries,0.7922183673622974,0.9451593566824419,3.0
Hear My Ship: Ferries,0.195643974353913,0.9453102555021171,2.0
Hear My Ship: Ferries,0.8216676734551511,0.8793639236393098,4.0
Hear My Ship: Ferries,0.2598395641122401,0.8634369413360151,3.0
Hear My Ship: Ferries,0.2802566391859391,0.9708070181209845,2.0
Hear My Ship: Ferries,0.5489564855454983,0.8975568019980675,2.0
Hear My Ship: Ferries,0.49595164550874005,0.9458521535950493,3.0
Hear My Ship: Ferries,0.4239952463177938,0.8865689847039999,3.0
Hear My Ship: Ferries,0.8217814400708626,0.7871322055586188,3.0
Hear My Ship: Ferries,0.8205512102133953,0.8839439903698109,3.0
Hear My Ship: Ferries,0.8591079954292438,0.877078790036952,2.0
Hear My Ship: Ferries,0.48221086441639144,0.9429492895103286,2.0
Hear My Ship: Ferries,0.7251689270139454,0.9418550280890009,3.0
Hear My Ship: Ferries,0.8823483972595613,0.880029298073805,4.0
Hear My Ship: Ferries,0.7811251026859999,0.5853024609473066,3.0
Hear My Ship: Ferries,0.8019097022046244,0.8295649463508317,3.0
Hear My Ship: Ferries,0.8759404670653383,0.876963830496858,6.0
Hear My Ship: Ferries,0.7145934698767327,0.7796397023554748,2.0
Hear My Ship: Ferries,0.7605290086372339,0.8307091640642132,3.0
Hear My Ship: Ferries,0.9379913425475648,0.9149283863722888,3.0
